label,title,content,summary
1,Great for smoothing and repairing sensitive skin,Some days my skin is very oily and other days it is dry. I use this a few nights each week to even out troubled-looking areas. It is very gentle and leaves my face looking and feeling healthier in the morning.,The reviewer uses the product a few nights weekly to balance oily and dry skin. They find it very gentle and notice their face looks and feels healthier in the morning after use.
1,It's all based on what you like...,"Personally, I find the reviews on this site to be Clay haters arguing with Clay fans, and vice versa. What I think needs to be done, is take a step back, and look at this CD in a different way.Do you like this CD? Obviously if you hate Clay, there's no way you're going to like this CD and that's that. If you love Clay, you aren't going to hate it.Look at it like this. This CD is all Clay. He puts his message, personality, and voice into the music. If that is what you like, then like it. If you don't, you don't. Don't be biased either way. Look at it from the middle point. We aren't getting anywhere arguing.Clay fans, buy this CD. You'll adore it.Clay haters, don't. You'll dispise it.","The reviewer suggests that opinions on this CD are divided between Clay fans and haters, urging listeners to approach it without bias. They emphasize that the CD reflects Clay's personality and message, recommending fans will love it while detractors likely won't, encouraging a neutral perspective."
1,Fantastic. Up close and personal. Scripturally accurate.,Doesn't get much better than this. What a blessing I have recieved from Pink's expositional approach to this great King's life.,"The reviewer expresses deep appreciation for Pink's expositional approach to the life of the great King, describing it as a significant blessing and highly praising the work."
1,AFX - Smojphace,"I think AFX's take on ""Run the Place Red"" is incredibly fun -- it makes me want to jump and shimmy each time I hear it. Now, I'm not a huge fan of ragga, but ragga-jungle-drill 'n' bass? I think it's a genius combination, one that only the demented mind of Mr. James could discover. You can barely understand the vocals beneath the percussion -- they're more flavor than anything else. As for the two noise tracks, they're rather interesting the first time around (not to mention intense on the squeals), but I don't think they stand up to repeated listens. Mostly because I don't want to go deaf.","The reviewer finds AFX's ""Run the Place Red"" energetic and enjoyable, praising the unique ragga-jungle-drill 'n' bass fusion. They appreciate the vocals as a subtle element but feel the two noise tracks are intense and less appealing upon repeated listens."
0,Product didn't match the picture/description,"Unless they sent me the wrong product by mistake, the foot cushion picture and description does not match the item delivered. I was under the impression I would receive two (a pair) of water filled foot cushions that I could insert into my shoes. Instead I received ONE foot cushion, filled with another material (not water) that you attach to your foot via a toe strap. I was definately not happy with the item and sent it back for a refund. Luckily for me Amazon has a great return policy... they make returns very easy!","The reviewer received a different product than expected: instead of a pair of water-filled foot cushions for shoes, they got a single cushion with a toe strap filled with a different material. They were unhappy and returned it, praising Amazon's easy return process."
1,"A good lead-in, but the series gets better","(If Amazon allowed fractional reviews, I would have given 3.5) While I enjoyed ""Foundation"" and found some of the concepts intriguing, it seems that Asimov had a lot of maturing to do as a writer at this point. The characters don't seem to really reach me the way they should, but one has to bear in mind that this book is actually a collection of shorter stories published in serial format, and the writer could not be bothered too much with deep character development. I still reccomend this book, in part because it leads into the rest of the series, which tends to improve stylistically as the books advance. However overrated ""Foundation"" may be, it firmly holds ground simply because it is so integral to the foundation trilogy and subsequent additions.","The reviewer gives ""Foundation"" a 3.5-star rating, appreciating its intriguing concepts but noting immature writing and shallow character development due to its serialized story format. Despite these flaws, they recommend it for its importance to the overall series, which improves stylistically in later books."
1,Kelly Green Chuck Taylors,"Awesome shoes! They're the classic lo top in a modern color. Fit great, feel great, and goes with most outfits.","These shoes are a modern take on the classic low-top style, offering a great fit and comfort. They pair well with most outfits, making them a versatile and stylish choice."
1,Awesome!,This was the first novel I've read by Shari MacDonald. It was great. She ranks right up there with Lori Wick and Lori Copeland. This is a must read.,"This was the reviewer's first novel by Shari MacDonald, which they found great and comparable to authors Lori Wick and Lori Copeland. They highly recommend it as a must-read."
1,WOW! A MUST HAVE!,"This album is incredible! It has been too, too long since an album has been made that is packed with all #1 hits. Clay Aiken's Measure of a Man will revolutionize the music industry. His pure, amazing voice is brethtaking. This album is a definite MUST for all Music Lovers of all ages.","Clay Aiken's album Measure of a Man is praised for its impressive collection of potential #1 hits and his breathtaking, pure voice. The reviewer believes it will revolutionize the music industry and highly recommends it to music lovers of all ages."
0,"Interesting in parts, but difficult to follow","First, the good parts about this book :* written in a very conversational style* does a good job of enlisting his virtues, many of which are relevant even today* has several interesting anecdotesNow, the not so good parts about the book :* desultory commentary, and is jumpy between incidents (and thus, one has to try really hard to make sense of what all was happening)* at least half of the book has too many details, which digress from the point and thus, the reader can get lost in the details* written in old english, which made it even more difficult to understand the gaps in the narrative","The book is written in a conversational style and highlights relevant virtues with interesting anecdotes. However, it suffers from disjointed commentary, excessive detailed digressions, and old English language, making the narrative difficult to follow and understand."
1,Beautifully told,"I read this book because it was a requirement in my college lit class. Why? because my teacher Dr.Mines (Jeanette Mines) wrote it. Before I read it I figured it would be bad if she is making us read it, but once I started I had to finish it, I couldnt put it down. 14 year old Jeannie falls in love with 16 year old misunderstood bad boy Sam. Despite all the warnings she dates him. It seems from the moment she met him her life has changed and together they are spinning out of control. Will he take her down with him or can she save him from himself? I dont want to ruin the end so Ill stop here.","This book, written by the reviewer's teacher Dr. Jeanette Mines, tells the gripping story of 14-year-old Jeannie who falls for 16-year-old troubled Sam. Despite warnings, their intense relationship leads to dramatic changes, keeping the reader engaged and eager to see how their story unfolds."
0,Too flashy for its own good.,"Too flashy for its own good horror misfire that burns a few brains cells along the way with its bad script and even worse dialog. Keanu Reeves lacks the right stuff to pull this character off and he does make the film worse just by being in it. Rachel Weisz gives a powerful performance that does do its job in keeping you from walking out of the theater but unfortunately, her performance is the movies only plus. The rest of the film just does not know what it wants to be and the direction has no idea on where it wants to go. Not even the special effects are up to standard here and that's where the movie bread and butter should have been.","This horror film suffers from a poor script, bad dialogue, and unclear direction. Keanu Reeves delivers a weak performance that detracts from the movie, while Rachel Weisz's strong acting is the only positive aspect. Special effects, expected to be a highlight, also fall short."
1,Pete Seeger's Greatest Hits.,"Really nice CD for a general overview of Pete Seeger's music through the years. I'm still looking for a CD that has the music from the DVD ""Power of Song"" on it. Any recommendations would be greatly appreciated.Ann Louise Ramsey","This CD offers a great general overview of Pete Seeger's music across the years. The reviewer is still searching for a CD featuring the songs from the ""Power of Song"" DVD and welcomes any recommendations."
1,Flawless!,"Jennifer Love Hewitt shines as actess and humanitarian Audrey Hepburn. The flashback techniques is really quite empresive, and Hewitt brings charm, grace, and real drama to this part. It shows all important moments in the actress' life and tells you more about the actress.","Jennifer Love Hewitt delivers a charming and dramatic portrayal of Audrey Hepburn, effectively capturing key moments of the actress's life. The impressive flashback techniques enhance the storytelling, providing deeper insight into Hepburn's personal and professional journey."
1,megaland pop-up,"excellent product!! my grand sons are playing with it every chance they have. the one your-olds can be distructive, but this product has so far held its own with them. i love the way it can be folded and carried to the play area or the pool. the best thing i purchased for them in a long time.michael","This product is durable and well-suited for young children, withstanding rough play from grandsons. It is portable and easy to fold, making it convenient to carry to different play areas or the pool. Overall, it is highly appreciated and considered a great purchase."
1,and its not going to be alright & its not going to be okay!,"Red chord is from my hometown boston and i seen them live once before any one knew about them with burnt by the sun but no body belives me...Anyways, when i first heard fused together in revolving doors it blew me away and made me stop listining to bands like between the buried & me along with burnt by the sun & dillinger escape plan not that i dont listing to them still but nvm..Just, buy it ok? its an amazing album with an extra disc that has other bands from difirent record lebals...Well, if you want something that has an revolutionary sound...Just buy it!!","The reviewer, a Boston native, praises Red Chord's album ""Fused Together in Revolving Doors"" for its revolutionary sound, stating it impressed them more than bands like Between the Buried & Me and Dillinger Escape Plan. They highly recommend purchasing the album, which includes an extra disc featuring other bands."
0,poor packaging,this the first time that i received a package like this...the car wax container was busted and it was all over the box. i was really disappointed. i dont know what to expect next time. such a waste...,"The customer received a damaged package with a busted car wax container that leaked inside the box, causing disappointment and concern about future orders. They felt the experience was a waste."
1,I have heard thier music in the movie Southlander,"This is really neat music, that makes you feel good inside. Some of the music on this album is part of the sountrack for the movie Southlander. I plan on buying this CD.","The album features enjoyable, feel-good music, with some tracks included in the Southlander movie soundtrack. The reviewer expresses a positive impression and intends to purchase the CD."
1,Simply the Best!,"My brother and I count Roger Rabbit as one of the best movies ever made. We used to have all-day Roger Rabbit festivals, where we would watch the movie over and over again. The movie is THAT fun. I venture to say it is a movie for all ages. Adults will find subtle humor that will go over kids heads, and kids will love the animation and slap-stick jokes. This is one of the most visually amazing movies ever made, and you forget that most of the characters are cartoons. This is a movie where the toons truly come to life.","The reviewer and their brother consider Roger Rabbit one of the best movies ever, enjoying repeated viewings during all-day festivals. They praise its appeal to all ages, with subtle adult humor and fun animation for kids, highlighting its impressive visuals and lifelike cartoon characters."
0,Very Aggravating,"I've had one of these printers for 6 months, and the paper feed problems have grown to the point where nothing will print without jams, feeding problems and more grey hairs. I spent 30 minutes online with HP's chat technician which were utterly worthless, and decided to return this today and get a new and different printer. I've had many printers in the past, and always been very happy with HP products before, but this one has been a disastor. There is apparently a paper feeder cleaning kit that HP will send that may or may not fix the problem, but after 30 minutes of trying to get the tech to send me one, I have given up on it! I have tried two different brands of good quality paper, and had the same problems with both. Buyer beware!","The reviewer experienced persistent paper feed issues with their HP printer over six months, leading to frequent jams and frustration. Despite attempting to resolve the problem with HP support and trying different paper brands, the issues remained. Ultimately, they decided to return the printer and caution potential buyers."
1,Great punk album,"I remember seeing the feederz at Ruthies Inn sometime around 1984. The singer walked in with a shaved head, long fur coat and a dog collar, jumped onstage and played an outstanding set. As a 16 year old kid I was in awe of their music. So I would purchase this cd if you want to here some outstanding songs.","The reviewer recalls seeing Feederz live in 1984, impressed by the singer's unique look and powerful performance. As a teenager, they were captivated by the music and recommend purchasing the CD for its outstanding songs."
0,Not up to their standard,"Once upon a time, the Black Crowes were one of the best bands around. I thought Three Snakes... was disappointing, but I think that album is stronger than this one. The songs sound silly, with ridiculous lyrics and strained choruses that sound almost like glam-rock (Kickin' my Heart Around). If they don't turn things around, it looks like a once great band has burned out quickly.","The reviewer feels the Black Crowes have declined, finding this album weaker than Three Snakes..., with silly songs, ridiculous lyrics, and strained, glam-rock-like choruses. They express concern that the band may be burning out after previously being one of the best."
0,Atrocious Russian Import! (Vinyl),"I waited for this record 5 months on backorder.What a whopping disappointment when I received it.It was pressed on transparent red vinyl, with chunks of recycled black vinylsprinkled throughout the record.Sound would drop out of the right channel, and I'd hear static.My goodness, never again. I'll settle for my CD now.""Vinyl Lovers"" is a record label to avoid.Equipment used:-Rega P7, Rega Exact cartridge-McIntosh C2300 preamp-McIntosh M252 amp-B&W; Matrix 801 series 3 speakersDigital Section:-Cheap Sony CD changer (coaxial out)-Musical Fidelity TriVista 21 DAC (coaxial in)","The reviewer was disappointed after waiting five months for a backordered vinyl record pressed on transparent red vinyl with recycled black vinyl chunks. The sound quality was poor, with audio dropouts and static in the right channel. They advise avoiding the ""Vinyl Lovers"" label and prefer the CD version instead."
1,FLYBOYS,I enjoyed this movie as it was entertaining with a war era/love story theme. It hit pretty high marks on both of these targets. The cinematography was nice and the love story was good. If you are looking for newsreel stuff on World War l go to the history channel because this will not take care of you. First of all it is in color not black and white like most everything you see there. To see Jennifer Decker get a role and nail it like she did makes this film a winner and a movie that will go in my personal collection. If you liked the movie Pearl Harbor you will really enjoy this film as well.,"This movie is an entertaining war-era love story with impressive cinematography and a strong performance by Jennifer Decker. While not a historical documentary, it appeals to fans of romantic war films like Pearl Harbor and is highly recommended for personal collections."
0,"A ripoff, $12 is too much to pay for a single.","Although containing 3 songs, this disc is essentially a single. 'Aquarius' is a less-polished but nearly identical to the album version from 'Music has the Right to Children.' Similarly, 'Olsen' is simply a longer rendition from the album.The only remarkable track is 'Happy Cycling,' which is a really nifty hip-hop-ish mix of the non-existant track 18 from 'Music has the Right to Children.'This disc is worth owning for 'Happy Cycling,' but try to find a cheap second-hand copy instead.","This disc features three songs, mainly extended or less-polished versions from the album ""Music has the Right to Children."" The standout track is ""Happy Cycling,"" a unique hip-hop-inspired mix. It's worth owning for this track, but a cheap second-hand copy is recommended."
0,Reaction,"I like these diapers, however, my son gets severe diaper rash with the pampers brand so we use Huggies and there is no rash. The best Huggies are the supremes, worth every extra penny.","The reviewer prefers Huggies diapers over Pampers due to severe diaper rash caused by Pampers. They find Huggies, especially the Supreme line, to be rash-free and worth the extra cost."
0,Thomas the Train tracks,"This is a good product, but highly over-priced. $10 for FOUR pieces of track ???????","The product is of good quality but considered highly overpriced, costing $10 for just four pieces of track."
1,Very satisfying and informative.,"An honest and articulate accounting of the year that produced one of the finest pop albums ever made.As a musician, I was thrilled by the segments that take place in the studio with the original master tapes, breaking down the arrangements, revealing the extraordinary harmony singing, and exposing unused material.As a fan, I was moved by the almost incredible story of two couples breaking up but choosing to continue their work together. It seems that there could have been no ""Rumours"" without the angst that fueled the songs.Bravo to the producers of the ""Classic Albums"" series.","This review praises the documentary for its detailed exploration of the making of a legendary pop album, highlighting studio insights, harmony arrangements, and unreleased material. It also appreciates the emotional story of band members' personal struggles, emphasizing how their conflicts fueled the album's creation."
1,Good Foundation,"I found this book to be packed with great information and recommend it to be added to any PHA library. It not only gives good basic knowledge, but also includes study and research paths which lead into further light and understanding of our craft in modern aspects.""Black Square and Compass"" also shows the correlation and significance of PHA in association with modern black history. For example accomplishments of the Buffalo Soldiers and the network of the Underground Railroad.","This book offers valuable information on PHA, combining basic knowledge with study paths for deeper understanding. It highlights PHA's connection to modern black history, including the Buffalo Soldiers and the Underground Railroad, making it a recommended addition to any PHA library."
1,Makes it easier,"This is a relatively inexpensive tool that will make your model making easier and help you avoid the need to be using door frames to draw lines. If you're new to model rockets, or returning after 20 or 30 years as the grown-up, here's the easiest way I can describe why you need this: you're going to be measuring and drawing lines on tubes. They need to be accurate, from end to end. There are plenty of other purposes for this item, but that will probably be the first difficult step you'll face. It's definitely worth having.","This affordable tool simplifies model rocket building by helping you accurately measure and draw lines on tubes, a crucial step for beginners and returning hobbyists. It offers multiple uses and is highly recommended for ensuring precision in your projects."
0,BAD: DONT READ!!!,I had to read this book for my school's reading list. It was by far the worst book that I have ever read. There was no plot at all. All of my friends also thought that it was bad. Even some of my friend's parents thought so too!! My final word is DONT READ IT!!,"The reviewer strongly disliked the book assigned for school, finding it to have no plot and considering it the worst they have read. Their friends and even some friends' parents shared the negative opinion. The reviewer advises others not to read it."
0,Horrible!,"I have never yet received my order, and it has been a month since I placed the order and paid for it. Will I be getting a refund of my money?",The customer has not received their order even after a month since payment and is inquiring about a refund.
1,Really great customer service.,"There were post office issues with the delivery of my product. I sent an e-mail to Amazon letting them know, and they had a replacement on my doorstep the next day. Really great customer service.","The reviewer experienced delivery issues due to the post office but praised Amazon's customer service for promptly sending a replacement the next day, highlighting their efficient and responsive support."
0,WTF is this?!,"Real words, unlike what you'd find in this book, cannot describe what you find in here. This book is the bane of my existence. James Joyce must have self-inflicted mercury poisoning in order to write this. The only other plausible explanation is that he became severely mentally retarded from a lack of flow of oxygen to the brain. If you want to actually understand anything, you have to read explanations EVERY ""sentence"". This turns it into a f'n time vampire. It is terrible in every aspect - there are no plot, characters, situations, comedy, horror, storyline, or anything else that books usually consist of. If the author came back to life, became unretarded, and then read his own book again, he would instantly want to drown himself in Lake Michigan. I award him no stars and may God have mercy on his soul.","This review harshly criticizes the book for its incomprehensibility and lack of traditional literary elements like plot and characters. The reviewer finds it frustrating, requiring constant explanations, and considers it a waste of time, expressing extreme negative feelings toward both the book and its author."
0,Barely worth what I paid for it,"I bought these shirts for $6 each thinking that I've got a bargain, but once I received them was disappointed in my purchase. As previous reviewers mentioned, the material is flimsy, 60% cotton - 40% polyester (and feel like the latter), the fit is improper and finish poor. Am wearing one of the shirts now, and it wears uncomfortably (feels like a poorly made medical scrub) and looks just as cheap (yes, even the French Blue color). Will either send these back or they will end up collecting dust in my closet.","The reviewer was disappointed with the $6 shirts, finding the material flimsy and mostly polyester, the fit improper, and the finish poor. They described the shirts as uncomfortable and cheap-looking, comparable to medical scrubs, and plan to either return them or discard them."
0,chemical can cause a reaction,"We usually put our baby in cloth diapers, but we do keep a stash of disposables on hand for trips and emergencies. I really wish pampers would go back to offering their usual 'cruiser' style diapers without the baby-dry. Our child has had a bad reaction to them-- she gets diaper rash almost immediately.","The reviewer typically uses cloth diapers but keeps disposable Pampers for trips and emergencies. They wish Pampers would bring back their original 'cruiser' style diapers without the baby-dry feature, as their child experiences immediate diaper rash from the current version."
1,I can't think of a good title at all,"The negative reviewers here seem, more or less, to want this book to move faster, or get to some kind of specific point, and are upset that it doesn't. So I'll make this suggestion, if you are reading to get to the end of a book, don't read this book; you won't deserve it. Read a Michael Chrichton book or something. On the other hand, if you are willing to be swept into an epic story that is written (and translated) with style and grace, plotted with a mature sense of wonder, and will make you weep, laugh, and seethe with anger, then read this one.No matter how many times I reach the last page of this book, I never feel like I've ""finished"" it. it always pulls me right back into it.","This review praises the book for its epic storytelling, stylish writing, and emotional depth, contrasting it with faster-paced works. The reviewer appreciates its mature plot and lasting impact, recommending it to readers who enjoy immersive, thoughtful narratives rather than quick conclusions."
1,Detecto 339,"Excellent. Assembly easy, works perfectly and is made in USA.Highly recommmed Detecto products.","The product is easy to assemble, functions perfectly, and is made in the USA. The reviewer highly recommends Detecto products."
1,Cyndi surpasses her debut!,"It's rare for a sophomore release to surpass an artist's debut; but this is one album that seems to have done just that. I loved Cyndi's debut, but this album exceeded my expectations, which we all know is rare with most sophomore releases. Although she's Australian, Cyndi has a deep, rich, bluesy voice, that sounds like she grew up in the backwoods of the deep South. This is the quintessential of stripped down, bluesy, country roots music.","This sophomore album surpasses Cyndi's impressive debut, exceeding expectations with its stripped-down, bluesy, country roots style. Despite being Australian, her deep, rich voice evokes the authentic sound of the American South, making this release a rare and exceptional follow-up."
0,"OMG! This is really, really awful","I finally put myself in front of the thing, and listened, and I raelly wanted to enjoy it even though I figured I wouldn't. And my instincts were right - this is nothing but pop pablum, and not even well sung or well produced pop pablum.Musically it is totally uninsteresting - all hooks and psuedo-poppish melodic lines that fail to compel me in any way whatsoever. I was happy when the music ended.If one must listen to pop music (and I'd suggest that you please expand your musical horizons) you can do way, way better than this guy.He really does follow in the footsteps of 'NStink and Backstreet Boys - continuing the flood of crap into mainstream America.Yuck!There is some (though very little) GOOD pop music. Not surprisingly, Clay Aiken is not it.","The reviewer strongly dislikes the music, describing it as uninspired, poorly sung, and poorly produced pop. They find it uninteresting and unappealing, comparing it unfavorably to other mainstream pop acts. They suggest listeners explore better pop music beyond this artist."
0,Amazon Affiliate,"I wanted to know whether my affiliate link, and commission link worked.It didn't!The book is written in period language, hence I am still in the introductory phase.It is in very small type, which further delays progress.","The reviewer tested their affiliate and commission links, which did not work. They find the book written in period language, making it challenging to read, and the small type size further slows their progress through the introductory phase."
0,hOT sPACE rEVIEW,"There is very little to recommend this album to anyone other than a true die-hard Queen fan. It is laborous and disconnected. The ""hits"" that came from it are good but not plentiful enough to justify the completed work","This album mainly appeals to die-hard Queen fans, as it feels laborious and disconnected. While it contains some good hits, they are too few to justify the entire album."
0,a travesty,"This film did nothing to portray Audrey in the best light possible. sub-par acting (Natalie Portman was the obvious choice!!!), and the directing was 'off.' Also, that ""moon river"" crooning had to be a JOKE! Buy or rent one of Audrey's REAL films, and you'll be much better off.","The film poorly represents Audrey, featuring sub-par acting and questionable directing. The rendition of ""Moon River"" was particularly criticized. The reviewer suggests watching Audrey's original films instead for a better experience."
1,Quality,"This is a quality product. Brio puts out a great wooden train track. They are wooden, well made and have held up to many years of use at our home.The more different sizes and items you have for your track the more your track can change from a simple circle to a large fun track. We have several sets of these to play with at our home.I would probably buy these after I have bought some of the extension kits with the more specialized track pieces and after I had some of the smaller pieces available for purchase.Well worth the money.Enjoy.","This Brio wooden train track is well-made, durable, and has lasted for years. Having various sizes and specialized pieces allows for creating diverse and fun track layouts. The reviewer owns multiple sets and recommends purchasing extension kits and smaller pieces for an enhanced experience. Well worth the money."
0,Don't waste your time,"The book starts well( first 20 pages). However, the writing switches from overloaded sentences, to very basic prose all over the place. The author leaves you wondering why the relationship betwen Marc and Uva is so strong.Why does Marc go in search for her. Would not a foreigner taht has been attacked leave the country? And then magicaly Uva appears in the last chapter out of nowhere.Do not waste your time reading this novel.","The book begins promisingly but suffers from inconsistent writing styles and unclear character motivations, particularly regarding Marc and Uva's relationship. Plot points, like Uva's sudden appearance, feel unconvincing. Overall, the reviewer advises against reading this novel."
0,Book is not appropriately labeled,"When I purchased this book, I did not read the fine print. There is no labeling whatsoever that this book is fundamentally Christian based. The only indicator is the very fine print on the back cover, which most people would probably not see when purchasing this book. The reasons for anger are in-depth and can easily relate to anyone's life, however, the solutions are not for everyone. If you are not a fundamental Christian, the book can be interpreted as insulting, as not everyone lives their life thinking that everything they do/think/feel/say is based in what the authors may call ""sin."" I wish I would have read reviews myself prior to purchasing this book.","The reviewer was disappointed to find the book is fundamentally Christian, with no clear labeling except fine print on the back cover. While the reasons for anger are relatable, the solutions are faith-based and may feel insulting to non-fundamental Christians. They regret not reading reviews before buying."
1,An Unfound Gem,"This band has a straight forward approach to music that is sturdy, simple, aggressive and a little annoying, in a good way. The often frenetic lead guitar is right up front to create a classic rustic American sound. This band must like Blind Willie McTell as they cover Dying Crapshooters Blues and mention Mctell in their original track Down at Danny's. If you are looking for something different with a classic American roots music sound - this is a nice find.","This band delivers a straightforward, sturdy, and aggressive sound with a frenetic lead guitar, creating a classic rustic American roots vibe. Influenced by Blind Willie McTell, they cover his song and reference him in their own track, offering a fresh take on traditional American music."
1,Handy fishing companion,"Fits in my pocket when I go fishing - I read a bit after I cast the line. Best days of my life are with a trout stream, rod and this book.","The reviewer enjoys carrying this book in their pocket while fishing, reading it during downtime after casting. They associate the book with some of their best moments spent by a trout stream with their fishing rod."
0,Warning: Clip Job - Search out the Original,"The other user comments are technically correct. The film is great... in its original version. ""Deadly China Hero,"" however, is a clipped version of the film ""Last Hero of China."" I highly recommend the original film instead of this one, which cuts out several crucial scenes and important subplots. There's no reason to settle for this hacked-up version.","The reviewer recommends watching the original film ""Last Hero of China"" over the shortened version titled ""Deadly China Hero,"" as the latter omits important scenes and subplots, resulting in a less complete and satisfying experience."
1,The Mayor of Casterbridge--a masterpiece,"In this book, Thomas Hardy manages to cut deep into the human soul, and uncover to us a part of our makeup that though inacceptable in some cases, yet, very real. He talks of man's selfishness and desires. He presents his theory, which states that man's destiny is no more than the product of his character and fate. In the wake of the industrial and intellectual revolutions, he gives us an idea of what man's guidelines would become. It such a wondeful novel, that is full of insight and wisdom. (check the death scene, page 123; it might be as well, the most elegant description of a human being passing away!)","Thomas Hardy's novel deeply explores human nature, highlighting selfishness and desires while proposing that destiny results from character and fate. Set against industrial and intellectual revolutions, it offers profound insights and wisdom, featuring notably elegant scenes such as the death description on page 123."
1,Surprising ...,"This is not a depiction of the ins and outs of the political aspect of Queen Victoria's reign. It is a love story where balancing duty with depth of feeling, professional with personal relationship, is fully fleshed out.All actors involved deliver great performances. Great chemistry between the lead actors makes the story come alive. It was wonderful to picture the castle, which looks so cold and austere from the outside, as the home of a warm and loving and joyful family. Children gleefully running through the halls on holidays. A father playing with his children. A mother looking on with shining eyes.This movie shows the personal side to the monarchy. It was a delight to watch. I hated to see it end.Add it to your DVD library and prepare yourself for a few hours of total enjoyment.","This film focuses on the personal and romantic life of Queen Victoria rather than political aspects, highlighting the balance between duty and emotion. Strong performances and chemistry among the cast bring warmth to the austere setting, portraying a loving family and offering an enjoyable, heartfelt viewing experience."
1,serious comedy,"FUNNY PEOPLE is somewhat compelling and engaging film about a comic with a terminal illness that almost kills him and destroys his lifestyle and how he fights it and comesback to enjoy life,his friends and a beautifull woman he meets.","""Funny People"" is an engaging film about a comedian facing a terminal illness that disrupts his life. It explores his struggle to overcome the illness and rediscover joy through friendships and a romantic relationship."
0,Not Happy,As soon as I opened the package I knew something wasn't right because there was sand inside. I put them on later in the day and there was sand on my arm. I finally found the hole in one of the weights. Not happy to say the least.,"The reviewer found sand inside the package and later discovered a hole in one of the weights, causing sand to get on their arm. They were clearly dissatisfied with the product due to this defect."
1,works great,I use this to listen to ear buds at work but the computers are hidden under the desk so this allows me to have access to the jack. i can move around my cubicle with ease with these.,"This device allows easy access to the headphone jack on computers hidden under the desk, enabling the user to listen to earbuds and move freely around their cubicle at work."
0,Disappointed...,"We purchased the HD Tivo DVR, which requires only this adapter to get the internet wirelessly. It sits next to my PS3, yet gets worse reception than it, and even my iPod's reception, only 2 rooms away from the wireless modem. Watching HD movies streaming from Netflix is nearly impossible, it pauses about every 3-4 minutes for about 7-10 seconds, completely losing you from the storyline of the movie. In order to come up with a different solution for better reception, we may have to scrap the antenna all together, wasting the $40 we just spent on it.","The HD Tivo DVR adapter provides poor wireless reception compared to other devices nearby, causing frequent streaming interruptions with Netflix HD movies. Despite being close to the modem, it pauses every few minutes, leading the user to consider abandoning the $40 antenna purchase for a better solution."
0,Auto-off is bad,"In general, I like the product specs, but getting it home and using it is a different story. The auto-off feature makes it useless.I used it as a second amplifier for streaming music. The sound quality is nice, but it clicks off when the volume drops low. This means you often miss the beginning and ends of songs (most songs have points of low volume) and in some cases, bits of the middle. I was so embarrassed when I had people over and the music kept switching off and on, making loud clicks in the process.This first issue is a show stopper for me and caused me to buy a different receiver (Teac AG-790A). However it also has a second flaw: no bass or treble controls. This makes it tough when you are playing from a single source to two different sets of speakers. There's no way to separately change the tone for speakers connected to this receiver.Overall, its inexpensive, but not worth the money.","The reviewer appreciates the product's specifications and sound quality but finds the auto-off feature problematic, causing the amplifier to turn off during low volume passages and interrupt music playback. Additionally, the lack of bass and treble controls limits tone adjustment, making the product ultimately not worth the price."
1,Odyssey (VHS),"I needed this in a timely manner to replace the department video that had been misplaced. I ordered it the day before Thanksgiving, and it was shipped out to me the Friday after. It arrived in good condition in plenty of time for me to review before using it in the class room.","The item was ordered just before Thanksgiving and shipped promptly the following Friday. It arrived in good condition and on time, allowing for review before being used in the classroom. The customer was satisfied with the timely delivery and condition of the product."
0,Where was the editor?,"Technically this was an exercise in tautology, and albeit the author admits that they are events not presented chronologically/linerally, the whole thing came off as a repetitive scrapbook of free associative ramblings. Cultural allusions were off and revealed just a shallow dip into areas of interest; just deep enough to create a character for a sexual fantasy.Every D/s relationship defines it's own perimeters, but this is the most silly top from the bottom (with a side of kink) i've ever read. Any girl who needs to prover her worth and devotion by degrading any and all around her isn't creating a deeper bond of submission, but pathetically wallowing in a misplaced sense of value (with a heaping side of self-image issues).","The review criticizes the work as a repetitive, non-linear collection of shallow cultural references and free associative ramblings. It views the portrayal of the D/s relationship as silly and unconvincing, suggesting the character's need for validation through degradation reflects self-image issues rather than genuine submission or deeper connection."
0,Disappointed,"I really did not care for this film at all. The visual effects were pretty good, but the acting overall was just terrible.","The film featured impressive visual effects, but the overall acting was poor, leading to a negative viewing experience."
1,Good service,I was pleased with the condition of the book and the speed with which I received it. Thanks.,The reviewer was satisfied with the book's condition and appreciated the fast delivery. They expressed gratitude for the overall experience.
0,Horrible!,You must be joking. Clay Aiken looks like a fairy. Dresses like a fairy. Talks like a fairy. He looks like he is made out of clay. Ha! Ha! Voice is down right awful. CD is a mess. He is definitely a product of poor American TV and should not be given the oppurtunity to put out another wretched album. BLAH!,"The reviewer strongly dislikes Clay Aiken, criticizing his appearance, voice, and music. They describe his CD as a mess and believe he is a product of poor American TV, expressing that he should not release another album."
0,Missing Content,this book is missing parts from chapter 2. You can read the missing contents for free on wikipedia.,"The book has incomplete content in chapter 2, with some parts missing. These missing sections are available to read for free on Wikipedia."
1,Smart and entertaining,"The best complimentI could pay this book is that I want to read the sequel. The book inexplicably overstates ours welcome in some areas only to rush through others. I almost wish this first volume had been split into two more comprehensive books. Overall, an entertaining and rewarding read.","The book is an entertaining and rewarding read that leaves the reader eager for the sequel. While some parts feel overstated and others rushed, the reviewer wishes the first volume had been divided into two more comprehensive books."
0,Why Did They Choose HER?!,"I saw this movie on television. I was really excited because I thought it would be interesting and Audrey Hepburn is one of my favorite actresses. Well...This movie was AWFUL!! Why on earth would they pick Jennifer Hewitt to play Audrey Hepburn. Natile Portman might have been a better choice. As others said, the girl who played the younger Audrey did a pretty good job. Perhaps Miss Hewitt is a better actress in other shows and movies, but not this time. This movie could almost be classified as a comedy! She didn't even keep up her fake Audrey voice throughout the entire movie,and when she did use it she sounded like Audrey with one word 'CAT'.The actors who played Gregory Peck and William Holden were a joke; they were awful and didn't look or sound like either Peck or Holden. The movie showed none of Audrey's later life. If you missed seeing this on television,you didn't miss much. If you still want to see this, rent it; you might be sorry if you buy it first.","The reviewer was disappointed with the movie, criticizing Jennifer Hewitt's portrayal of Audrey Hepburn and the poor performances of actors playing Gregory Peck and William Holden. They felt the film lacked coverage of Audrey's later life and suggested renting rather than buying it."
1,I like it.,"I haven't read Shirley Jackson's novel, but I've seen the old movie and this one. Compared to the 1963-movie, this one is quite different, at least the story. But I like it. I like the characters, they're quite similar to those in the original movie. The insecure, nervous Nell (Lili Taylor), self confident Luke (Owen Wilson) and Theo (Catherine Zeta-Jones). The actors are good (I forgot to mention Liam Neeson as Dr Marrow), also the supporting actors, for example Marian Seldes as the creepy Mrs. Dudley.The special effects are impressing and the music is also very good. One thing that feels unnecessary is that the filmmakers seem to have tried to give the movie a creepy, 'haunting', feeling too early, even in the end of the first scene, in Nell's bedroom.I like this movie and I think it's quite underrated. It has a number of good scenes. The scene with the photo album with the pictures of Hugh and Carolyn Crain is a favorite... It's nice to see a good new haunted house movie.","This remake of Shirley Jackson's story differs from the 1963 film but features well-portrayed characters and strong performances from actors like Lili Taylor, Owen Wilson, and Liam Neeson. The special effects and music are impressive, though the early attempt to create a creepy atmosphere feels premature. Overall, it's an underrated, enjoyable haunted house movie with memorable scenes."
1,"Good sound, good value.","Simple amp for when all you need is an amp. I'm using this as the ""basement amp"" for my whole house audio system. It's been in service a little over a month, and so far works well.Pros:* Sound is good, excellent frequency response, decent power.* Feels weighty and durable.* Rack mountable* Drives A+B speakers concurrently (even at 4' ohms each).* No electronic power switch nonsenseCons:* If it's powered off while there's audio input, it squelches--a bit like a record skipping--just for a moment.* The A/B switches are mechanical, and work radio-button style except you can override them to both A+B. They feel kinda grindy and it seems like an awkward choice; individual push-on/push-off would have seemed more sensible to me.Neutrals:* Banana plugs for speaker connection (with thru-hole screw-down capability for wire connection).","This simple, durable amp offers good sound quality, excellent frequency response, and decent power, suitable for whole-house audio use. It supports A+B speaker driving and is rack mountable. Minor drawbacks include a brief squelch when powered off with input and somewhat awkward mechanical A/B switches."
1,"GREAT ,BRILLIANT ,SUPER!","I bought this CD much time ago but now I have the chance to review it.First thing I can say is that this album is one of the best albums in the world!All the songs are great and I cannot spend a day without listening to it.Shirley's vocal performance is perfect as usual!After listening to Garbage's albums the other albums don't give me the same pleasure.GARBAGE is surely the best band in the universe for me and the members are really great people!I'm sure they will continue their success with their 3rd Album and if I was going to a deserted island, one of the 3 things that I'd take would be VERSION 2.0 (the others would be the batteries and my CD player for listening to it :))","The reviewer considers this album one of the best in the world, praising all the songs and Shirley's perfect vocal performance. They find Garbage unmatched by other bands and highly value the album, expressing confidence in the band's continued success and personal attachment to the CD."
1,"An excellent book, please don't watch the film","Felicia's journey is an excellent novel. The background to both characters is well developed. Mr. Hilditch in particular becomes more sinister due to his overwhelmingly ordinary appearance. The intimations of his unusual childhood merely suggest that he may be more disturbed than his manner presumes. Mr. Hilditch's interactions with strangers in the presence of Felicia provide the most chilling insight into the purpose of his friendship with her. It is for this reason alone that the film fails so miserably. No reference is made at all to these brief conversations. As for Felicia herself, it must be said that her character is a little limp. There are few convent girls left in Ireland who show such naivety. However she does grow more likeable, but not enough to demonstrate why she should affect Mr. Hilditch so much.","The novel ""Felicia's Journey"" features well-developed characters, especially the sinister Mr. Hilditch, whose ordinary appearance masks a disturbed nature. His interactions reveal chilling motives absent from the film adaptation. Felicia's character is less convincing and overly naive, though she becomes somewhat more likable."
0,Signet Shakespeare Kindle verions,"To be completely honest, I have only examined the sample for this e-text of Romeo and Juliet. It was a very unhelpful sample, giving a selection of the introductory essay about Shakespeare's life and times.So I scoured the review page. None of the reviews I looked at are actually for the e-version of this book. They were written for a variety of paper versions of the book, good, bad, and ugly. Some are about a specific used book purchased, others are about the play itself (love it/hate it). None of them help determine the value of this specific e-version of the play.Bottom line, I refuse to pay $4.99 for a version that I can't get any information about. How does it look on the page? Are there additional annotations beyond the essay about Shakespeare's life and times? Are there links to acts or scenes? Are there line numbers?","The reviewer found the e-text sample of Romeo and Juliet unhelpful, as it only included an introductory essay about Shakespeare. They noted that existing reviews pertain to various print editions, not this e-version, leaving them uncertain about its features and value, and unwilling to pay $4.99 without more information."
1,Trials of True Friendship,This book is very applicable to everyday life. It is a great resource to use in the classroom. It is also a great book to just check out of the library and read (ideal for young female adults). It is a classic novel that will never be forgotten.,"This classic novel is highly applicable to everyday life and serves as a valuable classroom resource. It is especially suitable for young female adults and makes an excellent choice for library reading, offering timeless appeal and lasting impact."
0,DUMB!,This movie is a bunch of nonsense. A group of girls (rolls eyes) explores a cave in the U.S.A. (rolls eyes again) with aliens living in it (rolls eyes a third time). DUMB. I can not believe all the good reviews I have read. They must all be from the production staff.,"The reviewer strongly dislikes the movie, criticizing its plot about girls exploring a cave with aliens as nonsensical and unconvincing. They express disbelief at the positive reviews, suspecting they may be biased or from the production team."
0,Waste of money,This warmer will NOT keep your coffee hot. Lukewarm is the best you can hope for and that is only when the cup is almost empty. Don't waste your money on this. I'm still looking for one like I used to have that actually kept the coffee steaming hot...,"The warmer fails to keep coffee hot, only maintaining a lukewarm temperature when the cup is nearly empty. The reviewer advises against purchasing it and is still searching for a warmer that can keep coffee steaming hot."
1,Interesting Romantic Symphonic Music of a Russian Character,"I remember reading somewhere that the Dahomeyan Rhapsody, though perhaps inspired by the West African nation, has a distinctly Russian flavor, and this is also certainly true of the symphony. Kalinnikov & Arensky came to mind as I listened to this piece for the first time, and as I listened more and thought less of Russian comparisons and more of De Boeck, the music still strikes me as Russian in the shapes of the melodies, the style of the orchestration, and in the development of the themes. I haven't as yet spent enough time with the violin concerto to feel adequate to advance an opinion, but can assuredly say that if you enjoy late romantic symphonic music you will probably enjoy the symphony and rhapsody, and the adverb 'probably' has no place in this sentence if you enjoy late romantic symphonic music from Russia. For in that case, you will certainly enjoy this music.","The reviewer finds the Dahomeyan Rhapsody and symphony to have a distinctly Russian character, reminiscent of composers like Kalinnikov and Arensky, despite West African inspiration. They recommend these works to fans of late Romantic symphonic music, especially Russian, while reserving judgment on the violin concerto."
1,PLATINUM BOUND - NO DOUBT ABOUT IT!!!!,"This is the best CD I have ever listened to in some 20 years and Clay's voice is just wonderful!! It's refreshing to listen to a CD that is not full of ""sexual overtone and vulgar"" type lyrics. Clay Aiken certainly delivers on each and every song on the album. There is not one song on this CD that I skipped over. Billboard was right when they said that his CD is ""THE BEST POP ALBUM OF 2003"". The other critics who gave unfavorable reviews don't know what they are talking about. The more you listen to the entire CD, the better it is and after just listening a few times, you easily pick up the words and can sing along (can't say that with some of the other ""stuff"" that is out there)! I highly recommend that you buy this CD. I can't wait for other CD's by Clay Aiken. Way to go RCA and Clay Aiken!","The reviewer praises Clay Aiken's CD as the best they've heard in 20 years, highlighting his wonderful voice and clean, meaningful lyrics. They agree with Billboard's acclaim, enjoy every song, and recommend the album highly, expressing excitement for future releases."
0,This book is hard to understand,"This book is hard for me to understand because most sentences doesn't make sense. Some does make sense but most of them no. Ray Bradbury should do more better then that. I've being forced to read this book because my 9th grade english teacher made us. When I start reading this book it is okey. When I'm on page 30 the sentence doesn't make sense. It just mostly say ""I burn bookee"". I would rather read Great Expectations instead. If you are a very good reader you may try it.","The reviewer finds the book difficult to understand, with many sentences that don't make sense. They were required to read it for 9th grade English and felt the writing was confusing by page 30. They suggest only strong readers attempt it and would prefer reading Great Expectations instead."
0,Avoid at all cost !!,"Some movies are bad and worth watching 'cos they're bad, this one however is just a total stinker - no redeeming features whatsover. A total waste of time. Do not buy. Do not watch.","The reviewer strongly dislikes the movie, describing it as completely bad with no redeeming qualities. They consider it a total waste of time and advise against buying or watching it."
1,Childhood memory,This was a Christmas memory that I had as a child. We always used to watch it. Still lovely today.,"The reviewer fondly recalls watching this during childhood Christmases and continues to find it enjoyable today, highlighting its lasting charm and nostalgic value."
0,Doesn't Seem to Work with Print Servers,"This printer is inexpensive and fast but does not seem to work with either Linksys (WPS54G) printservers, DLink printservers (DP-G310), or Hawking printservers (HWPS1UG). I went through several phone calls with excellent support people at both Linksys and Hawking Technology to no avail. I upgraded firmware and installation programs but as far as the printservers are concerned the HP does not exist on the network.I have no idea what the problem could be but the HP1020 is not printserver friendly as far as I can tell. It is not as if I am running some obscure printservers either. The printerserver's company's products are well known and stable.","The HP1020 printer is affordable and fast but incompatible with popular printservers from Linksys, DLink, and Hawking. Despite firmware updates and support assistance, the printer is not recognized on the network, indicating it is not printserver-friendly despite using well-known, stable printservers."
1,Hot Dog Roller,I love this product. This is my 2nd one because the gears stripped on the first one. I like it so much I hunted around until I found one I could afford. I'm hoping this one will last longer.,"The reviewer loves the product and purchased a second one after the gears stripped on the first. They value it highly and sought an affordable replacement, hoping the new one will be more durable."
0,Iz love Tira but this is still abd,really boring dull cjhick flick that is awful. i lov u tira but this isn;'t a ggod movie. i didnt wantt o watch thers people at all. but i do want to go into this club.,"The reviewer found the movie to be a boring and dull chick flick, expressing disappointment despite liking Tira. They did not enjoy watching the characters but mentioned an interest in going to the club featured in the film."
1,pampers,What a life saver. I ordered these for my granddaughter and they saved me time and money. I would purchase again,"These items were very helpful, saving both time and money. The reviewer bought them for their granddaughter and expressed satisfaction, stating they would purchase again."
0,This is NOT the sinus pillow...,"Make sure you read the description carefully before ordering so you're getting what you really want. This particular pillow cannot be used with heat, unlike the sinus pillow which works both hot or cold.","This review advises customers to read the product description carefully before purchasing, noting that this pillow cannot be used with heat, unlike the sinus pillow which is suitable for both hot and cold use."
0,Snake Oil,"The Digital Media Reader may work well with Windows 98,Me or 2000, but it failed miserably with XP. To add insult to injury when the SimpleTech web site was queried; mis-information was the best they could give.During the hardware installation, the media reader(UCS-200) did not pass the Windows Logo Testing. I immediately aborted the process. I went to the Simpletech web site for advice. SimpleTech had a section just for XP and stated,"" just ignore Windows's warning and complete the setup process"".What a mistake I made, my operating system was degraded and became unstable. Until I'm able to recover from this misfortune, my computer shuts down whenever and frequent.The news of bad and mis-leading service will spread exponentially from person to person. I hope that this is the exception and not the rule for SimpleTech.Because of wrong information from the SimpleTech web site, I can not recommend a SimpleTech Product in the future.","The Digital Media Reader (UCS-200) failed to work properly with Windows XP, causing system instability and frequent shutdowns. The SimpleTech website provided misleading advice to ignore Windows warnings, worsening the issue. Due to poor support and negative experience, the reviewer cannot recommend SimpleTech products."
0,Not Audrey quality acting!!!!!!!!!,"Sadly, this movie is suppose to be the story of one of the greatest acting and fashion legends of ""all time"". This movie is so poorly done, it is in no way an honor or tribute to Audrey Hepburn.Being the acting and content of this story is so poor, the smart thing to do is proceed to Amazon books and order, ""Enchantment: The Life of Audrey Hepburn"".","This movie, intended as a tribute to Audrey Hepburn, is poorly executed and fails to honor her legacy. The acting and story are disappointing, and the reviewer recommends reading the book ""Enchantment: The Life of Audrey Hepburn"" instead for a better portrayal."
0,Very Dissapointing,"From Potters Field is one Patricia Cornwell's worst book she has written. It's not the characters, nope. It's not the writing that is wrong. It's the story that makes the book disappointing.Temple Gault has struck again. This time we know this for sure. Both the readers and Kay Scarpetta do. Someone from Lucy's past is also back. The problem with this book is that Gault is not a strong enough villain to carry this book. He is not scary or very threatening. It's not exiting. Partly because we never get into his head we are always inside Scarpetta's. Even if Cornwell did venture inside his head I'm not sure if it would be that exiting. For a killer on the loose plot its very weak, of coarse the forensics are very good and original. But for the most part a very disappointing Scarpetta novel.","""From Potters Field"" by Patricia Cornwell is considered one of her weaker novels, mainly due to an unconvincing villain and a lackluster story. While the characters and writing remain strong, the plot fails to deliver excitement, making it a disappointing addition to the Scarpetta series despite good forensic details."
1,THE GREATEST FILM SCORE IN THE HISTORY OF THE MOVIES,"THIS IS FANTASTIC SCORE FOR ANY KIND OF A MOVIE, NOT JUST A CHEESY JAPANESE MONSTER MOVIE! THE SCORE FOR THIS MOVIE WAS NOT ON THE VERSION OF THE MOVIE THAT WAS RELEASED IN THE USA IN 1962. HAVING NEVER SEEN THE ORIGINAL, UNEDITED, JAPANESE VERSION OF THE MOVIE, I WAS UNFAMILIAR WITH THIS MOVIE SOUNDTRACK, IT INCLUDES EERIE, SCARY KIND OF MUSIC (YOU CAN ALMOST FEEL THE MONSTERS CREEPING UP ON YOU, RIGHT OUT OF THE OCEAN), TRADITIONAL JAPANESE PERCUSSION, POP MUSIC, CHANTING, A LITTLE TIN PAN ALLEY, BLUES, LOUNGE MUSIC, MILITARY MARCHES, YOU NEVER KNOW WHAT IS COMING NEXT. I WAS REALLY BLOWN AWAY BY THE WHOLE THING............","The reviewer praises the movie's soundtrack as fantastic and diverse, featuring eerie, traditional Japanese percussion, pop, chanting, blues, lounge music, and military marches. They highlight its absence from the 1962 US release and express being impressed by the original, unedited Japanese version's unique and unpredictable score."
1,feels squishy with the slightest bit of wetness,"I don't remember the Baby Dry being like this before, but they feel like that dry max stuff. It feels like she's soaking wet and squishy after the tiniest bit of urine hits the diaper. I much prefer the other high cost brand that doesn't cost as much!","The reviewer feels that the Baby Dry diapers no longer perform well, becoming wet and squishy quickly after minimal urine. They prefer a different, more affordable high-cost brand that offers better dryness and comfort."
1,Perfect for my pickup.,I have a S10 pickup with a topper and my options for a bike rack were limited. This is perfect. It's a little labor intensive to put on and take off but it works... it works well... and I'm very happy with it.,"The bike rack fits well on an S10 pickup with a topper, offering a suitable solution despite limited options. While installation and removal require some effort, it functions effectively, leaving the user very satisfied with its performance."
1,Sir Arthur Conan Doyle would approve,"I'm new to audio books. But, I'm afraid I've already been spoiled. I wonder if there could possibly exist a better combination of author and reader. Holmes sounds just the way you'd expect the great sleuth to sound. Deliberate, never rushed and always a gentleman.The story is carefully woven and the presentation of the characters by Timson is masterful. I've listened to it over several times and each time I appreciate a little more the complexity and the detail. The Musical interludes are brief and sparse, but definitely compliment. If you like Sherlock Holmes, Timson is the right reader for the job. I'm buying the big collection now.","The reviewer, new to audiobooks, praises Timson's masterful narration of Sherlock Holmes, highlighting his deliberate, gentlemanly portrayal and the carefully woven story. They appreciate the subtle musical interludes and plan to purchase the full collection, considering Timson the ideal reader for Holmes."
0,Don't Bother w/the Muffs...just Noise.,"Bought this CD thinking it would be similar to their cover tune, Kids in America.Was I wrong, this is worst cd I've has the displeasure to listen to.Old chic, lead singer does nothing but scream throughout all the tracks. The tunes are simplistic, lack depth and show no inkling of creativity.If you like endless screaming to nonsensical lyrics then this rubbish is for you.","The reviewer was disappointed with the CD, finding it very different from the expected style. They criticized the lead singer's screaming, simplistic tunes, lack of creativity, and nonsensical lyrics, describing the album as unpleasant and unenjoyable."
0,not satisfied,Packaged poorly......two bottles of the cleaning supplies were busted open.I had to throw away the entire order due to the other contents being drenchedwith the other chemicals. Very dissatisfied!!,"The order was poorly packaged, causing two bottles of cleaning supplies to break open and spill. As a result, the entire order was ruined and had to be discarded. The customer is very dissatisfied with the experience."
0,Super...cynical!,"Paramount has soared to new heights of ""vulture-ness,"" patiently sitting on a branch for the last sap to buy this on Blu-ray before conveniently swooping in on said saps with the 3-D release. (Can't remember if Thor hit theaters as a 3-D movie, but I think it did, and Paramount is using the same release strategy there.) Please resist this strategy fellow would-be saps. The movie is a solid 3 (couple of weak plot lines)...the release strategy gets it rated a weak 1!!","The reviewer criticizes Paramount's release strategy, accusing the studio of exploiting fans by first releasing a Blu-ray and then a 3-D version to maximize sales. They find the movie itself average, rating it a 3, but the marketing approach lowers their overall rating to 1."
1,Fantastic As Expected. GO CLAY!,"I ordered 4 copies from Amazon and hate to give any away as I planned so will buy more to have one in every car and room. It is absolutely amazing and please don't listen to the remnants of Ruben's fans who are rating Clay badly because they are still disappointed that ""their"" hero will go nowhere.Every song is outstanding, just as Clay is and it is overwhelming that he can do so fantastic on so many songs in such a short time. Keep up the good work Clay and millions are rooting and supporting you. Was at the Houston and Dallas tour and the experience will be remembered a lifetime. Alainapoo","The reviewer praises Clay's album highly, ordering multiple copies and planning to buy more. They commend his outstanding songs and performances, dismissing negative reviews from rival fans. The reviewer also shares memorable experiences from Clay's Houston and Dallas tours, expressing strong support and admiration."
0,Crud,"Boring. Pointless details. Unbelievable. If I were a young girl aroung the time of the Haulacust, I would not help a German. I would give it 0 stars if I could.","The reviewer found the content boring and filled with pointless details, expressing disbelief and strong disagreement with the perspective presented. They stated they would not help a German during the Holocaust and would give the work zero stars if possible."
1,Packed with info,"I was looking for a book about the shop space itself, and this was right on the money. There one chapter on general tools that one would need, but that's it. The rest is dedicated to preparing a space for a woodshop. There is a lot of attention paid to outbuilding-type 'dream' shops most of us will never have, but electricity, surface treatment, storage, etc. are all still applicable. Every chapter is a reference itself. The table of contents is clear and makes it easy to find what you may be interested in.","This book focuses primarily on preparing a woodshop space, with detailed chapters on electricity, surface treatment, and storage. While it emphasizes large outbuilding shops, the information is broadly applicable. The clear table of contents and comprehensive chapters make it a useful reference for shop setup."
0,Why Cripsin? Why?,"This was one of the worst movies I've seen in recent memory. I'll start off by saying that all the sped up and slo-mo effects were unnecessary and honestly annoying. The kill scenes were cheaply done CGI which looked terrible for the most part. It's a spoiler, but in the last attack scene of the movie the 'dream girl' literally bursts through a tree and a burned body to attack Simon/Stanley. My biggest problem with this movie is that I know Cripin Glover can do so much better. I'm sure he did the best with the script he was given, which wasn't much, but I'd have passed on this role. After seeing him in Rivers Edge and Willard it was almost painful to watch him play this character. I'm just glad I got this used for six bucks and not the twenty-five amazon is asking for it","The reviewer found the movie to be one of the worst recently, criticizing unnecessary speed effects, poor CGI kill scenes, and a disappointing final attack. They felt Crispin Glover was miscast and underutilized, expressing regret over the film's quality despite its low purchase price."
1,"If you buy, you will have them all....","If you can't make one of the concerts, you can buy this CD and have the very best of Clay. Granted, he is one of those performers who come across VERY well in concert. You will have the opportunity to skip from Invisible, to The Way, to Touch, to Run to Me, to I Survived You,....the list is endless and if you don't have the opportunity to make a concert....here it is!!! I like this CD because I can let it play all the way through and still be reliving the concert I was just at!!!! Sometimes (as most of his fans know), this is the FIX that gets us through the day. I defy you to go to one of his concerts and not come back wishing and wanting more!!! If you don't believe me, fine, don't buy this CD. He will stand the test of time...","This CD offers a great selection of Clay's best songs, capturing the concert experience for those who can't attend live shows. Fans appreciate its ability to evoke the energy of his performances, making it a perfect way to enjoy his music anytime and relive concert moments."
0,HP has pulled 1022 driver from Website,"Yesterday, HP pulled the Mac OS X driver for the 1022 from its website, most likely because of Mac users buying 1020s and installing the driver to workaround it. I have not spoken to any HP people to confirm this, but I did download the driver on Tuesday, and after deleting it, found out I needed it again. Only today the driver is gone and the date the page was updated was May 18th! Nice job, HP!","HP removed the Mac OS X driver for the 1022 printer from its website, likely to prevent Mac users from using it as a workaround for the 1020 model. The driver was available recently but disappeared after May 18th, causing inconvenience for users needing it again."
0,"Good book, bad copy.","My problem isn't with the story, it's with this copy. If the character is reading something, you aren't. Every single time the author says that someone is reading something, it immediately cuts ahead to when they put the document away. For example, the entirety of the Legend of the Baskerville Curse is cut out, the article with the last Sir Baskerville's cause of death is cut out, a letter to the new Sir Baskerville is cut out... the list goes on. I've had to find another copy to fill in the blanks. The book is worth reading, but I'd spend the money to get an edition that actually has the whole story.","The reviewer appreciates the story but criticizes this edition for frequently skipping over important documents the characters read, cutting out key content like the Legend of the Baskerville Curse and letters. They recommend finding a different edition that includes the full text."
1,Filled with objective and factual information for Christians,"Equip yourself with this handbook of New Age facts, doctrines, comparisons, and rebuttals. This manual will help you educate the precious souls that are being blinded by the dangerous New Age movement. Learn the difference between the Jesus they preach, and the Jesus we know.","This handbook offers facts, doctrines, comparisons, and rebuttals about the New Age movement. It aims to educate readers on distinguishing the New Age portrayal of Jesus from the traditional Christian understanding, helping to address concerns about the movement's influence."
1,HP Laser Jet 1020,"These laserjets are well designed, work well and are easy to use. (We use 5 of the similar 1012 model and they are good workhorses.The 1020's installation disk is great -- with good pictures, easy instructions that any normal person could follow. Much better than the manuals written in engineering language. HP should be complimented.",
0,A Generation of Whiners,"Sorry to say it, but this was (and is) a generation of brave individuals who now grumble relentlessly about how ""kids today never had to work for anything, everything was just handed to them."" Right -- and they had to walk 50 miles to school everyday through the snow. Listen: I'm a Boomer. My parents had nothing -- nothing! Everything I have, I've worked damned hard for! And I had the common sense to stand up and speak out against Vietnam. Ask the Greatest Generation how they spoke out against McCarthyism, racism, intolerance, bigotry and the like. This is a revisionist view of history -- the winners pounding themselves on their backs, and looking down on everyone else. Tom Brokaw should be ashamed of his lack of journalistic objectivity.",
1,flat and tone stomach!! reneemariejones@aol.com,"This product is the best. I have been on it for 3 years. It takes six weeks to notice a difference.,and. 6 months to see a difference. The key to lose fat is toning; this product does helps with that! As we age our body needs protien to supply energy, and balance our homones. I take this product during the day and one packet at night. I am 42 years old : My results are a flat tone stomach., younger skin., and consistant weight of 125. I also take nutracutics vitamins. Email me if you have questions.",
0,You get what you pay for.,These may have been fine except that there was a large chip in the skew chisel. And besides nothing beats quality made tools these are not. they are for those whom lack the time or the know how to sharpen their chisels. Do it right the first time so that you dont have to do it a second.,
1,love it,"The amount of heat it gives to your drink definitely depends on the glass, and whether you have a lid.One day I had a relatively flat-surfaced mug with a plastic lid on top. It kept it so hot after about 5 hours that I couldn't even drink it quickly!",
1,Great!,"I went ahead with the ""subscribe and save"" for this item, the savings are great! Pampers is a great product and couldn't believe how much I would save for something I need to get anyway. The only drawback is that my 2nd shipment was returned by the carried without any explanation. I never received it and had to re order it again!",
1,AN EXCEPTIONAL WORK,"This volume is a major contribution to the history of the Luftwaffe during the Russo-Germano war. ""Stopped at Stalingrad"" is also a richly drawn study of the most important air campaigns in the Eastern Front. Written in an accessible style this volume will be welcomed by anyone with an interest in the WWII. I was very pleasantly surprised by the book and also the quality of its contents. The author did a masterful job of research. Joel Hayward draws on diaries of both key commanders and regular airmen. He also shows that the poorly conceived strategies of Hitler and his buffoon, Goering, dommed the efforts of men such von Manstein, Milch and Wolfram von Richthofen (an outstanding soldier) to come to grips with an impossible situation. I heartily recommended this book.",
1,Battery charger,My new battery charger works perfectly! I was so glad to find it for such a reasonable price! It is nice to have my camera back! Thanks Amazon!,
0,More expensive is NOT better,"I was so disappointed in the quality of these pencils. I couldn't wait to get them, and when I sharpened them, the points kept breaking! I tried different sharpeners, and lost half of my pencils before giving up. I will return them and continue buying the brand that I've always purchased.",
1,Impressive,"I was greatly impressed by this book. It has opened my horizons and gives me new hope for the future. The Purdues have laid out a road map on how to live longer and feel better. They point out that age is largely a state of mind and give advice on how to make adjustments so getting older is not a terrifying idea. Thanks a lot, Purdues!",
1,ALMOST EVERYTHING,"THIS BOOK HAS ALMOST EVERYTHING YOU COULD EVER NEED AND EVEN SOME STUFF YOU MIGHT NOT! I LOVE HOW IT'S RING-BOUND, BUT THE ONE PROBLEM I'VE FOUND IS THAT THERE IS ONLY 1 POCKET AT THE VERY BACK. IF YOU BUY SEPERATE TABS WITH FOLDERS FOR EACH SECTION, YOU'LL BE ALL SET!",
1,helped me get a little further,"I have a few races under my belt but am not exactly a seasoned runner, I found this book to be very helpful in improving my form. It won't help you immediately get faster, or add miles, and you must train to get the benefits from it. However, I don't thinkI would have made the improvements that I did without it.",
1,Saris Bones 2,I love this unit. Easy to use once it is fitted to my vehicle and I like the non-metal construction to minimize damage to my bicycle.,
1,Kids Love SB,"It's a fun movie that involves SpongeBob...kids LOVE. It's 87 mins, and gives you plenty of time to get the cleaning and/or cooking done. Shipping and product was great.",
0,Quality,The HD streaming always fails...The movie itself was fun to watch and very enjoyable. It would be nice if the streaming quality held up.,
0,"WARNING: Identical to ""Naked Chef Takes Off""","I don't know if this book preceded the other Jamie Oliver book, ""Naked Chef Takes Off,"" but it's the SAME BOOK.I bought this for my wife, thinking I'd found a J.O. book she didn't already own. It's the same, identical book! I suppose it's just the British market title, but don't make the mistake if you're thinking it's a different book.AMAZON STAFF: There should be some mention that this book was released with the different title in the States.",
0,Tuner doesn't work well after 1 yr.,I purchased aiw 7500 aprox. 1yr. ago. I thought it was a decent card when I bought it at that point would have given it a 4star rating. Within three months the card started freezing my machine while using DVR. Then more reciently the video with the tuner started flashing bright than dark. It happens all the time making the tuner unusable. I have found no resolution to my problems from ati. I'm not angry just unsatisfied.,
1,Perfect rear deck speakers for OEM radio/deck,"These were cheap and effective, they sound great considering that they are driven by a the original OEM radio/deck. Other speakers for the same price don't compare, and were returned, they can't hold up the bass parts as well as these.",
1,Miss. Muhls 6th grade class Jack,"In this book there are three main characters,Ned Land, Professor Aronnax, and Captain Nemo. The book Twenty thousand Leagues Under the Sea was veryinteresting. It is very suspensful and you are always thinkingthat the characters are going to die. Their are mant differentsurvival scenes. For example one scene captain Nemo sees anindian gets attacked by a shark so he he jumps in the water and tackels the shark. He almost gets killed but Ned Land throws hisharpoon and kills the shark.This book reminds me of the ocean because they are always traveling through the ocean in their submarine. This book is very exciting because they are always going on different adventures. The book makes me think about when I first road on a sailboat. In the beginning of this book they are sailing on a boat.",
0,This DVD should be sent to Boot Hill,This quality of this DVD was terrible. I got it as part of the Trinity 3 pack and I am extremely dissapointed. The 2 others are fine. Boot Hill looks as if someone sat inside a cinema and recorded it from the screen with a 8mm camera in 1970 then completely messed up the editing to boot. Don't buy this or the Trinity 3 pack. If you want the two others thye are also available as a combo. Complete waste of money. I suppose at one time this might have been some kind of movie but this is not.,
1,Okay,This is an okay player. I never had skipping problems. The music played pretty good. I rate it okay.,
0,Unreliable,"Since I have ordered for this product and inspite of the company debiting the total amount for the product from my account, I have not recieved the product till date. The company promises to deliver the product in 12 hrs but its approx more than 3 weeks since the amount was debited but till now, the product hasnt reached me. The company doesnt respond to email queries and its toll free number (the only other point of contact mentioned from their end other than email address) always sounds busy and goes to voicemail.",
1,Quick Success to Stain Glass,I am a beginner and I'm teaching myself. This book was very helpful in teaching me how to begin. It also has a lot of nice designs that I was not afraid to try. I found this book very helpful in getting started.,
0,A huge disappointment.,"Bland rip off of a great comic book not only puts the worse actor imaginable for the main character but has a script that is almost a crime in itself. The dialog is so bad that it would even make deaf children cry and the special effects are not as good as one might hope. Some of the acting is great and that's a great feat in itself because of how bad the script is. Rachel Weisz, Djimon Hounsou and Tilda Swinton do great work here and for that, people should be grateful for but it's still Keanu's film and he still torpedo it with a lousy performance that is in tune with the lousy script it has.If this is the best they have to offer for the fans of the comic book, then take it back.",
0,"Love the idea, but not the result","I loved the idea of having all my shoes on a tree that I could spin around, but the end result was messy. It was weird having the soles of my shoes facing outwards. Wherever I put the tree seemed like a dirty place. I replaced the tree with drop-front clear plastic shoe boxes that I love.",
1,very helpful,I have found this to be a very helpful workbook to go with Que Tal text. The answers are in the back for self check. It incorporates the vocab of the chapter with the grammar covered.,
1,Gripping,"I haven't been this taken with a book since the Harry Potter series. From the Prelude I was enthralled. Wonderful, strong characters and a storyline that makes putting the book down wrenching.",
0,Don't bother,I tried to give Kerouac a chance to revive himself after reading his most notable mess 'On the Road.' Now I'm thoroughly confused as to why he's so popular.,
1,How many times have I read this?,"I really don't know.Just finished re-reading it again, and still cried in parts, and was still left with a broad smile at the very end. (Like other readers, my paperback versions no longer have covers, and even this hardback is getting beaten up)The only disappointing part is that he isn't still writing in this universe.I asked him about it when I saw him at a convention in Denver a few years ago, and he said that this universe was pretty tied up at a good stopping point, and that he has so many other projects that he is less likely to go back to it. (I'm paraphasing).That is truly disappointing, because although I love most of his other books (I stopped reading Honor at about 12), this is his best work.Oh well...I only have to wait 5 more months for the next Merlin book.",
1,Frasier,A great DVD by Usher; I love his music. The perfromances are great and the songs make you want watch the DVD over and over again. I recommend that you buy this one.,
1,interesting book,"though I'm not a native english speaker, I didn't find it difficult to read it. It clearly represents a period in american history which probably many would like to forget about. Sorry for high school students who couldn't understand it, something needs to be done in order to improve their reading comprehension and interest in their own culture..",
1,"GREAT BED, GREAT PRICE","THIS AIR BED IS GREAT! I HAD PREVIOUSLY PAID WAY MORE FOR THE ""A--O"" BRAND, BUT THIS ONE IS EVERY BIT AS GOOD AS THE MORE EXPENSIVE ONE. I AM A GAL WITH A ""MATURE"" FIGURE, AND IT (TWIN) ONLY LOST A LITTLE AIR. WITH THE ELECTRIC PUMP, NO WORRIES! JUST A HINT FOR SOME OF YOU WITH BAD KNEES LIKE I HAVE....I PLACED TWO CAMP COTS SIDE BY SIDE AND LAID THE MATTRESS ON TOP. PERFECT FOR THESE TIRED OLD KNESS AND BODY TO GET UP AND OFF OF. KUDOS ON THIS AIR BED!",
0,Don't by Discovery Kid's products; they are cheap plastic junk that break.,"Discovery Kid's products are designed to ""look cool"" in the box but they are cheap plastic junk. They break. What's worse is the manual states that they are warranted by Discovery Store Inc. but if you do not buy direct from Discovery Store, they will NOT HONOR THE WARRANTY!!! So what happens? You buy your kid a cool toy. They use it for a few weeks. Then it breaks. You have crying kids. You call Discovery. You don't have an order number, they tell you to get lost.Don't buy this junk. It is guaranteed to break. Shop around and find something that is hobby quality or just select a different gift for you kid.",
1,Nursing as a Ministry,"Again, Sr Mary Elizabeth O'Brien has writeen an excellent book. I give this book to nurses when they graduate. It truly puts nurses in an angelic and spiritual perspective which they deserve.",
1,It's 1984 All Over Again!,"The A-Team are back in this terrific assemblance of music from the TV score. From the opening theme, to the A-Team in New York City, and right through the closing theme you cannot help but visualize Hannibal, Face Man, B.A. & Howling Mad Murdock either eluding, chasing, fighting or rescuing someone. If you appreciated the shows music back in the 80's - ""you ain't heard nothing yet!"" until you've heard it on digital disc. An absolute must for all true fans of the A-Team",
0,"Boring,Boring,Boring,,,","How an author can create such great characters while writing a novel free from compelling circumstances is surprising. Ho hum, I can't believe she's dead, let's pour ourself another drink. I can't believe her mother showed up, ho-hum let's pour another drink and watch her clean the house. One big secret does surface, but it is rather mundane in it's telling. At the end everyone gets better, while the Mom who is easily the most exciting of the group, realizes life does go on after the loss of a child. Even if'ts is a miserable and shallow existence. Color this whole novel as grey and bland as a grief stricken day in the Hamptons. I was disappointed because I really looked forward to this book, and intead could barely muster the energy to finish it.",
0,Pac Man World 2,I have got it with a crack in the disk when I got it and also I do not now how it play I cannot play it with the crack in the disk and yes I let them now about it nothing was done about it,
0,Very difficult to put on,The product was very difficult to put on that I just gave up on it. Couldn't return it because the orginal wrapping had been thrown away.,
0,HARD TO FINISH,"I found this book not worth the $$, it was well written but too sweet and hard to finish. Definitly not a page turner.",
0,Poor support,"I've had the camcorder for a while now, and was hoping to be able to use the USB streaming feature to make small computer movies and send them to my friends and family overseas. Although the camcorder is good the included software is weak and the USB streaming makes a very choppy poor quality AVI file. I recently got a new computer and could not find the device driver disk that came with the camcorder. Sony technical support was a joke and they ended up trying to sell me a driver for my camcorder. So now I have a camcorder that I can plug into my TV or record onto a VHS (Do people still use VHS?) but any dreams I have of putting something on my computer are fading fast. I'm going to have to find a new way to send my parents the video I took of my new house.Frankly in this day and age an analogue camcorder is a waste of money.",
0,dry,This book was really dry... there were a couple interesting moments but most of the book was a lot of unnecessary words. This is one of the very few books that I didn't finish!,
0,This movie kinda stunk up the house.,"Awe man... Why Anne? She was kinda pretty! Any ways.... so the Robocop name was kinda wasted on this one. Although the robot ninjas were kinda nifty and it was a nice little addition to bring back ED209. I though he was the dopest of all the enemies in Robocop. This title was a little to kiddy for my taste and you can kinda tell from the sudden drop from the usual ""R"" rating in a Robocop movie to the sudden ""pg13"". It wasn't a good move on their part to make it appeal more to children than to adults. It should have been kept a mature film.",
1,21st century reading,It was interesting to read this book again in 2006. It is fascinating to read this book and then analysis and compare the different governments in today's world.,
0,way too long,"I agree with whoever wrote that this book was way too long and unorganized. I was hoping to learn more about the behind the scenes works, and boy, did I. Drugs, partying, sexism, racism, it's all here and more. There are some great gems among all the trivia people already know.But it's all quotes from the different actors, writers and producers. There are some photos to break things up, but nothing else. No cute little sidebars or anything. Heck, if it's good enough for my school textbooks, why not put some in here. I don't have ADD, but it got tedious after awhile.The format makes for an odd read. You get things like someone rapsodizing about what a ""beautiful person"" John Belushi was a couple paragraphs after someone reminiscing about the time he set stuff on fire and passed out in a drunken stupor. Oh well.",
1,Musiq does it again!!!,"When I first bought this album, I wasn't sure how I felt about it, unlike my immediate love for the first two. But recently I had the pleasure of seeing Musiq in concert and he made me go and reevaluate/rediscover this classic that I had been sitting on since it first came out!! The entire album from beginning to end is very well put together. Out of the 15 tracks, 11 of them are my favorites. Musiq, keep doing what you do best!!",
1,Some classics are over-rated. This is not one of them.,"Some books you read you enjoy and forget and then there are books that stick with you for the rest of your life. I can honestly say this is probably one of the most important books written in human history. One of the reasons is that it is an almost recognizably real dystopian world eerily close to the one we live in. This book is a stark warning of what we could become; what unchecked government erosion of liberty can eventually lead to.If you read this, you'll read the news in a different way.In the end, you'll love Big Brother.",
1,A Dark Look At Prison Life,"Brute Force is a surprisingly tough look at life in a prison, given the time when it was made. Burt Lancaster stars as an inmate who plans his escape to be with his critically ill girlfriend, Ann Blyth. He enlists the help of his cellmates and an older, experienced inmate, Charles Bickford. Standing in their way is a brutal, ambitious guard played very well by Hume Cronyn. There are a number of great scenes in the movie, including Cronyn's beating of an inmate to the sound of classical music, and the death in a giant press of an inmate that informed. The performances are good, the film moves at an excellent pace, and the ending surprised me somewhat, again given the time that it was made. Brute Force is a very good movie.",
0,cheap,"After about 3 months things started going down hill really fast. After leaving it in the car on a summer day something went wrong with the with the power saver. I'd charge it over night and the next morning it would be dead. I'd listen to it for 5 minutes, turn it off, then turn it back on and it would be at half power. Recently the screen broke. That just gave me a good reason to get rid of it.Trust me, keep looking.",
1,"Fascinating look into economics, still seen as legendary","This fascinating look into the world of developing and growing economies emphasises the LCD's inverted ""u"" shaped curve of Economic growth. Although written in 1954 this work is seen as the seminal study in the field of developmental economics and was the key factor in securing W. Arthur Lewis's Knighthood in 1963, and Nobel Prize for Economics in 1979.",
0,Spare yourself.,"This movie is such a bizarre combination of morality and immorality it seems like no one would really like it, but there are always exceptions.If you're looking for a sweet Christmas tale, watch A Christmas Carol or The Grinch. If you're looking for potty humor, watch Beavis and Butthead. This movie tries to be both, and in the end, the sick humor and complete meanness just cancel out the moral message the plot tries to portray, leaving the viewer with nothing. Anyone who has the impression from these reviews that this is a ""moral"" movie, please beware, it is far, far, from it. There were glimmers of morality and good humor in there, but they were all but eclipsed by the nastiness.",
1,Good insights,"If you're looking for good insights on criminal behaviour, this is it. I liked it and learned a few things I hadn't already explored.",
0,Not worth the price...,"I bought this to slim down my tummy under a bridesmaid dress. First, it smelled horrific and still stunk like rubber after washing. Second, it did almost nothing to slim me down, even though I bought the suggested size. Third, after about a half hour of wearing it, it was absorbing sweat and making me feel clammy and uncomfortable. It was extremely uncomfortable to sit down in, and the boning showed through the relatively thick cotton of the dress. I abandoned it completely and felt much better.",
1,THE KNOWLEDGE OF HEALING,A GOOD VIDEO BUT IT DID NOT HAVE ENOUGH INFORMATION THAT I COULD USE WITH MY CLIENTS.A HELPFUL OVERVIEW OF WHAT IS POSSIBLE,
0,"Bad Design, just buy the figures","We bought this for our 5 year old for Christmas. The elevator uses a string pulley which promptly bound around the gear that connects it to the thumbwheel which raises and lowers the platform. Within 5 minutes of playing, one of the main features broke. Also, the top has a ring with 5 rockets, one of these came missing a retaining pin. Thoroughly disappoingting as he is a big Justice League fan.",
1,It's about time.,"Finally a version of Batman that seems made for adults instead of children. A decent plot and villains that are not completely over the top. My only complaint would be that most of the scenes in Gotham city are too dark. All in all, an enjoyable action movie to show how the Batman legend begins.",
0,Not impressed,"My husband bought these by accident and I was glad to see them go. We normally use Pampers Swaddlers and Pampers Baby-Dry do not come close to comparing.While using these, my daughter had a few accidents (I will be fair and say that a couple of those could have been as a result of human error) and they do not appear to be nearly as durable.Unfortunately, I would not feel comfortable recommending these... spend the extra money and go for the Swaddlers.",
0,"Some good features, some bad.","The ability to adjust the weight of this product is great. The BIG disappointment is the velcro strap, which I can't believe will last long, especially as I begin to add more weights. I think this product would have been far better if the ankle weight came with an adjustable strap with a plastic buckle closure. Then you would adjust once and just simply buckle the strap when you put it on. This feature is especially critical when you're trying to put the weight on your ""bad"" leg and struggling to get it snug with the long unwieldy velcro strap. I can not recommend this device with this strap mechanism.",
1,"Can't vouch for content, but packaging is really nice","As I said in the title, I can't vouch for the content as this was purchased as a gift for my Dad. However, the packaging is great. I thought Amazon made a mistake and sent a book instead of the DVD package, but it turned out to be BOTH a book and the DVD's (guess I should have read the description better). In any case, I know they are classic movies and this deluxe presentation will make an impressive gift.",
0,Yawn! Wake me up at the end.,"I was excited to come across Lene Gammelgaard's book as I love to read about women who share my taste for adventure. Imagine how disappointed I was to find that Ms. Gammelgaard could not write about anything outside of herself. Yes, I know it is a personal account of climbing Everest, but her trip was not a solo ascent. From her account though, you would think no one else was around. Okay, perhaps that is a slight exaggeration, but I was pretty tired of Ms. Gammelgaard far before the end of this book. Additionally, her writing style is quite disjointed and distracting. I find it difficult to believe the claim that she has ""been a journalist,"" unless you understand that to include anyone who has, perhaps, simply kept a journal.If you want to get a feel for being a woman and climbing, better to try Stacy Allison or Ruth Anne Kocour. You will get much more rich detail from either of those, along with more of a sense of the community of climbing.",
1,classic textbook,"i bought this book as part of classic textbooks in semiotics studies. thin book, but basic ideas of semiotics, linguistics, and literature critique theories, by barthes.",
1,La reencarnación vista por un científico,"El primer libro del Dr. Weiss sigue siendo un gran libro para todos aquellos a quienes les inquieta el tema de la reencarnación, así no crean en ella.",
1,Nice little appliance.,"Pros:It keeps my mom's coffee warm while she reads her news paper, and it made a awesome gift. It makes candles smell really good too.Cons:Dont spill your coffee on it or its ruined._.",
1,"Delightful, exotic world seen through a cat's eyes","""The Rabbi's Cat,"" by French artist and filmmaker Joann Sfar, is a whimsical, charming fable featuring a rabbi, his lovely daughter, and a host of other characters headed by a talking cat. Both protagonist and narrator, the cat often acts as a Greek chorus who comments, often sardonically, on the actions of the humans around him. Set in pre-World War II Algeria, with a lengthy detour to Paris, the beautifully illustrated narrative depicts a richly diverse world in which individuals seek to preserve their traditions while constantly interacting with people of other cultural, social and religious backgrounds. In this multilayered environment, the presence of an intelligent talking cat does not seem entirely out of place.",
1,LOVE IT..LOVE IT,"Mr. Aiken's AMAZING VOICE and the beautifully written SONGS make this a MUST HAVE CD for everyone...There is a little bit of everything on this CD from upbeat love songs to moving ballads...Clay's voice really shines on ""I WILL CARRY YOU"", ""INVISIBLE"" and ""TOUCH"" have great upbeat tempos, ""RUN TO ME"" and ""NO MORE SAD SONG"" prove CLAY can really rock, and you just can't help but sing along to ""WHEN YOU SAY YOU LOVE ME"" which is my FAVORITE song on the CD... I recommend you BUY THIS CD TODAY!!",
1,TIMI YURO makes the,TIMI YURO's 4 duets with Johnny Ray justifies the price - but why can't we have a box set of Miss Timi Yuro's work in a box set with all duets ?,
1,A Story For Everybody,"This book stands alone as one of the most powerful and easily read books of all time. Bunyan's simple style makes every point clear and without the possibility for misinterpretation. A tale of life and its trials, this book should be read by all.",
0,Don't believe the hype,"I WISH I had read the previous review for this book before I bought it. I couldn't put it better myself. I bought this book because it was the only one advertising saturated fat counts. I already have two books that cover everything but saturated fat, and I'm going to keep it that way. I'm returning this book for a refund.",
1,IT'S A GOOD DAY TO BE A TROJAN!,"This is terrific stuff. Southern California is a college with the first or second greatest college football tradition of all times, and this book describes how, after a long layoff, Pete Carroll has returned the Trojans to these previous heights.",
0,Dead On Arrival,"Normally, I would never buy anything from Harman Kardon. But this DVD player was on sell for $100.00 from $300.00. Well, I guess you get what you pay for. I set up the player and placed my first DVD in it. I knew I was in trouble when I hearding a whining, grinding sound. That wasn't too amusing. What was even less amusing was the nice blank TV screen. I tried another DVD just to make sure it wasn't a problem with the DVD. I got the same whining, grinding sound and blank TV screen.It wasn't worth mailing back, in either time or money. I went down to the local Best Buy and bought myself a nice Sony DVD player. It has been working great.I'm waiting to take my HK DVD player outside and re-enact the scene from ""Office Space"" where the guys beat the crap out of the printer. ;-)",
0,Below average historical romance,"As a reader of historical romance, a civil war buff, and a fan of the Outlander series author Diana Gabaldon, who once recommended this book on her web site, I came to this novel fully expecting to like it. I was severely disappointed. This is a middling, at best, romance novel with a pedestrian plot, predictable characters, and a hero and heroine who couldn't be more representative of all that's tedious in the genre. The author seems sincere and there's a sense that she did her civil war era research, but the book holds no surprises and little inducement for the reader to continue past the first few chapters.If you're going to write a novel about another spirited, plain but beautiful, impoverished girl-woman who makes a marriage of convenience with a gorgeous, tortured, secretly-sensitive man who-pretends-to-hate-but-really-loves-her than it better be exquisitely plotted and beautifully written. This book is neither.",
0,You get what you pay for I guess.,This radiator seems to be very cheaply built. Its aluminum and plastic! It did not even come with a radiator cap. How cheap can you get?,
0,Leaky diapers,When my baby did #2 they always leaked. I switched to pampers swaddlers and they are perfect. I ordered these by mistake to begin with.,
0,A movie or a music video??,"What is it where a director has so little confidence in his own work, that he has to fill in whatever blanks he perceives with incessant music?? I mean, it is non-stop music throughout almost all the movie. When you find yourself fastforwarding to get to the meat of the story, you know you have a loser.",
1,Awesome for those who love the beach and sand!,"It creates a calming atmosphere yet allows you to dream of the beach,the sand is a tad dusty though.",
0,The Pictorial Key to the Tarot,"The title is completely misleading, the ""look at whats inside"" stopped before any graphics were displayed and for good reason, there are none.don't waste you $2.00",
0,Don't Waste Yout Time,"Unless you are under obligation to read this for some sort of class, I would not recomend wasting yout time trying to wade through the quagmire of redundantly long, boring text. If I could pay attention to it for more than two sentences at a time, most likely I would find it to have a wealth of information; but it's dry, overly-intellecual style makes it impossible to stay interested. If you're looking for a challenge to read, you face two; deciphering the nealry 300 pages of rediculously long sentences, and staying awake. I even go so far as to say reading it is a complete waste of time, because the energy you must invest to understand this work' coupled witht the frustration of an endlessly boring stlye does not even compared to the information you will actually get out of it.",
0,It's a knock off.,"The official Chrono Trigger OST has 3 discs. This version has some of the major tracks on it, the audio quality is good, but Caveat Emptor (buyer beware) this is a Chinese knock-off.Oh and if you buy the 3 disc version, make sure the cover does not have a green and red logo reading ""FX"", for this is also a counterfeit. The serial numbers on the real soundtrack CDs are PSCN-5021, PSCN-5022, and PSCN-5023.",
0,LONG and DULL,"witch of blackbird pond is a very well written book. it goes into much depth about certain things, however, i feel that is one of the reasons it is only a 2 star book. this book tells a story about a girl who moves into america before the revolutionary war. she has to saty with her only remaining relatives, who do not share the same points of veiw as she, kit tyler, does. kit is acused of being a witch but in the end can not be proven of her suspected withcraft. this book, yet well described, is streched out over to many pages. a lot of unesscesary things go on that one should not need to know. witch of blackbird pond has no real point to me and is a LONG and DULL book",
1,HAVING TWINS,"I HAD TWINS IN MAY OF 99. AND THE HELPED ME VERY MUCH. WITH EVERY QUESTION I EVER HAD. I STRONGELY ENCOURGE EVERY MOTHER EXPECTING TWINS TO READ. AND ALSO TO REMEMBER, YOU ARE EXPECTING 2 BABIES, PLEASE TAKE IT EASY. I DID TAKE IT EASY~BUT I WAS ONE THAT LOST MINE AT 21.5 WEEKS. THANKS ELIZABETH ~ IT WAS VERY HELPFUL TO ME. JENNIFER~MOTHER OF SAMANTHA & TRAVIS",
1,SUPER EASY TO SET UP!,I was live within about 5 minutes after I plugged it in. Super easy setup with my Tivo Series 2.,
0,poor,Was missing the belt for one thing was to small had to order another one just so she could use it they need to put the correct size on the item we ordered a 5-6 got ot and the item said fits size 4-5,
1,A Lot of Leverage from a small book,short powerful encouraging quotes from inspirational Christian leaders woven through many uplifting bible verses. Great to give to a friend who needs encouragement. Excellent!!,
0,Don't waste your money,"This toy was not that difficult to put together, but we have to put it back together each time my son plays with it. The set is always falling apart. The elevator broke after the first day. My friend bought this for her son as well, and she is just as frustrated as we are. I would not recommend buying this unless you have hours to spare re-assembly it and keeping up with all the parts that contiunally fall off it. [...]",
1,One of the best....,"This book was one of the best I've read so far. While ""Bad Girl Creek"" wasnt one of my favorites, this little gem sure was. I couldn't put it down, I was so intrigued by it...especially Phoebe and Sally. Can't wait to read ""Goodbye Earl.""",
1,"comfortable, but the waist is too high for me","I'd like if they rode a little lower, especially since they have no fly, but overall they are quite comfortable. And sexy, I'm told :-)",
0,Extremely unhappy,"I hate this printer! It is nothing but problems. Every single time I go to print even a single page, there is some sort of problem! The paper jams, I get timeout errors, the ink runs out too fast and I am unable to fill it with the refill kits. The thing has a mind of it's own and starts spewing out pages even when I'm not trying to print anything. It wouldn't be so bad if it didn't put trash on each page wasting my paper. It's a piece of junk! 1 Star is highly overrating this product!",
0,notorious for phantom paper jams,"Mine worked well for the first year and then it started thinking that it had a paper jam. The printer would pick up a sheet of paper, feed it half way through then stop, saying there was a paper jam. There was no paper jam. The printer just thought there was. Upon doing a little research I discovered, much to my chagrin, that this is an all to common problem with this model. Do a search on 'HP Photosmart 2575 paper jam' and you'll see the same reviews I did. It's too bad that HP has not fixed the problem or even addressed it anywhere on their website.I've always liked HP products but you would be taking a big chance if you were to purchase this particular model. It might work fine but it might also render itself useless by the phantom paper jam. There's just no way to know which route your printer will take.",
0,useless,"i was very excited when I saw the ad. I planned to buy a few of macro lenses, but ...the macro lens works only for the 1/4 inch distance :-(I cannot scan a business card or an article in a newspaper, but only a few charactersI really need a macro lens but for a few inches distance",
1,informative,"I think the video was really good, im a nurse so i know most of the information already but it will hopefully help my husband. I think my husband preferred the video to an actual class. I mainly chose to use a video because of my schedule. The only thing I would have liked to see a little more was ways to help deal with the pain- like more breathing techniques. Overall I think it was good and would reccomend it.",
1,Jonestown,"I ordered Jonestown PBS Home Video and had already seen the movie years ago. It was like watching the movie with him and the real people in it. Awesome job. And shipping was within days, worth the price. I would recommend this movie and buying it here!!!!!",
1,Adventure,"This was one of my favorite books assigned in school this year. I like the exciting adventures of this cannon trek from Fort Ticonderoga to Cambridge, MA. I liked how they crossed the ice with all of those big guns. When the last gun crossed, the ice cracked, but they were able to get the big gun out.",
1,Lincoln and his time,For the mpost part any book by David Donald is worth the time and effort to read. This book offers fresh insights into the perception of Lincoln. Belongs on the shelf of every person interested in 19th century America.,
1,Our favs,"We tried 4 or 5 different kinds of diapers when our son was born from all the samples and such. We got a pack of these from a neighbor and they worked the best of all, so we've stuck with these. You can tell how wet the diaper is by feeling how inflated the diaper is. Wish I was using cloth diapers but that didn't really work out for us due to logistics (no washer) and I wish I had a more ""natural"" choice, but others are more expensive and don't work as well. These are 14.5 cents a diaper w/ Amazon Mom.",
0,One of the worst I have ever seen,Do not buy or rent this. Adam Sandler is officially a no talent hack. This is not for children or anyone for that matter unless lame brained scattological humor with absolutely no point is your thing.,
0,Awful,Horrible movie. I didn't even finish watching it. It reminded me of a low-budget B-movie and that is being charitable.,
0,Doesn't deserve any stars...,"This printer fails as a printer mainly because paper won't properly feed. HP helpdesk requests you to tap all paper, and put in 10~25 sheets only. This doesn't work. Feeding one sheet at a time manually has at best a 1/10 shot of success. Let's hope HP's refurb replacement printer is better.",
0,Waste of time,"This book is advocating an elitist and pointless view of education. Bennett, has missed the core issues of what it means to be an educated person, especially in our every widening (global) society. Bennett advocates a people who are full of facts and ""trivia"" knowledge rather than pushing students to be critical thinkers who can solve problems, read with intelligence, and interact with the world from a stance of tolerance and intelligence. There is no ""yard stick"" that can measure intelligence. What rubbish. This book is designed to shame parents rather then educate anyone. Don't waste your time.",
0,Dead On Arrival,"Normally, I would never buy anything from Harman Kardon. But this DVD player was on sell for $100.00 from $300.00. Well, I guess you get what you pay for. I set up the player and placed my first DVD in it. I knew I was in trouble when I hearding a whining, grinding sound. That wasn't too amusing. What was even less amusing was the nice blank TV screen. I tried another DVD just to make sure it wasn't a problem with the DVD. I got the same whining, grinding sound and blank TV screen.It wasn't worth mailing back, in either time or money. I went down to the local Best Buy and bought myself a nice Sony DVD player. It has been working great.I'm waiting to take my HK DVD player outside and re-enact the scene from ""Office Space"" where the guys beat the crap out of the printer. ;-)",
1,cool or not!,"in not sure what to think i have read alot of other reviews but reading all of those have made me change my mind alot. at first i thought it would be sooooo cool to get one but then they sounded kinda boreing, then when i read how much it was like a tomagotchi i got really extited. i have luved tomagotchi ever scence i got one for christmas, and have been playing neopets ever scence it started. i luv neopets so much and cant wait to get my own pocket neopet. i have changed accounts alot but look me up at jportune",
0,Zr40 Cannon,"The camcorder was little dirty, and had a missing lens cover...Joanne did not have the missing cover and did not know why it was dirty...The power cord was defective...ordered a new one...Looked like it was chewed into...The case (cassette) compartment was slightly bent and unable to open at first...made some adjustments to it...Fred",
0,"The official company biography -- dated, aging, but interesting.","This is the only official history of the giant utility that serves most of northern and central California. Written in 1950, when the company (and its official biographer) were heedless of the changes that the future held in store for the energy industry overall (and utilities in particular) as well as for the end of unbridled growth and development in the state of California. Coleman is a real booster for PG&E. If you want the PR line, from the generation that build the company between 1930 and the 1950, this is the reference book you want.",
1,Compact and Convenient,"Works great and compact and convenient. The detachable lanyard is nice for when I don't want to carry my pack with me. I don't see myself using the white and black cards too often, but they're nice to have. The cards are of a nice quality, thick enough to not bend accidentally when in the camera bag.",
1,Woburn: Forgotten Tales & Untold Stories,"I purchased this book hoping to find some history of the town that one of my ancestors Samuel Richardson, helped found. Although there was little mention of people from my direct line, this was an extremely interesting read of the history after the town was founded in 1630. The history and characters are real and the various chapter authors did an excellent job of researching facts and putting them into facinating stories. This book gave me a better understanding of what several generations went through in order to make Woburn what it is today. This would be a great read for anyone interested in the early history of the United States.",
1,Great! Must have it!,This book is a hands on training. It covers every aspect of the software. Excelent source for those who want to learn 3D Studio Max.,
1,Happy Feet,"These boots have that classic hiking boot style to them. The NuBuck leather looks great and the boots are comfortable and seem well made. I'm not really a hiker. I just like to wear hiking boots in the winter and these are perfect so far. I wear them everyday and I like them so much, I was thinking of ordering another pair!",
1,A down and dirty litmus test for Christians,"I first read this book as a young Christian and now am impressed with how many of the concepts I have adopted in my own creed. I detest pop Christian symbols and the urge to define a Christian by market forces. Schaeffer attempts to challenge the reader into not only glimpsing in the mirror, but to really make changes accordingly.",
0,Poor sound quality,"The transfer to digital format from the analog source includes all of the tape hiss on this disc. The content is great, but the background noise is too much on my system. I'd look for another title from OP and pass on this one.",
1,Added to my collection,I had almost all of the Jean Auel's books and needed this one to complete my collection. It turned out to be a book club size and I traded it to a friend for the full size version.,
0,Disappointing,"I bought this game because my friend said it was excellent, however he's never been a very good gamer, I thought the no resource management idea was ok, but it ruins half the point of an RTS, and strategy is all about careful management of resources to fund your army, because, if you dont have any resources, you dont have an army ;-) I'd say ok for someone who doesn't really know how to play a REAL RTS, but if your an expert, I'd save up for Warcraft 3:The Frozen Throne, and if you haven't got the normal Warcraft 3, go buy it!",
1,"Never liked the strings, but this blew my socks off","I cought the concert on some very high numbered cable channel. I was so impressed I bought the DVD. This is the most origional idea I've seen in years. Its a cross between Enigma, Petshop Boys, Alan Parsons, ELO, and a conductor on crack. The song Winter is my favorite to date. I predict you find Bond music playing in the background of TV commercials very soon. Seeing them perform is 50% of the show. Just listening will suffice if you have the memory of them performing. Download ""Winter"" or ""Duel"" to get an idea of the pure talent of BOND.",
0,Another Abysmal Digital Copy,"Rather than scratches and insect droppings, this one has random pixelations combined with muddy light and vague image resolution. Probably the cue should have been the packaging is straight out of your street corner bootleg dealer.If you've ever seen a reasonably good condition film copy, you know the defining visuals of his film are the crystal clear lighting contrasts in black and white. The surrounding countryside and 'old home' scenes are set with early morning ground mists or the haze of memory while the events on the bridge and in the water are bright, clear, and immediate.Here everything is dull, dark, and clouded. Or, if you remember the timbre and enunciation of Captain's commands, so are the visuals.After that, it is hard to believe this award winning, critically acclaimed film's best presentation is on YOUTUBE. Somewhere ""out there"" is a DVD that comes up to the standard of a 16mm public library reel.Just none of them appear to be on Amazon.",
0,Less than average product,"The product works fine, but the quality of the material is pretty cheap. It doesn't have a nice feeling while holding it in your hand.On top of this, the battery compartment door broke the second time I had to replace the battery, so now I have to use it with a scotch tape around it.All in all, I believe there are better deals out there. In particular, try to get a presenter that uses AA or AAA batteries. You can find them anywhere.",
1,Clay for England!,Just to inform you that we have great taste in music from England too. This is truly a wonderful album. Not one song dissapoints and all the tracks showcase Clay's fantstic vocal abilities. I may have had to import this CD from the American site but beleive me it was well worth it. This guy has serious talent and it will not be long before he is the big international star that he deserves to be.,
1,Quality product,Fits as expected and is well made. It lacks a cord to tether it to your camera but you can easily purchase one that sticks on the front if you feel you need one. I however prefer to just keep the cap in my pocket when the camera is in use so its not flopping around and getting in the way.,
1,A very nice album,"I picked up this album without knowing what was really in it. I liked Xenogears, I liked music by Mitsuda. But this album combined the Xenogears songs and the magnitude of Mitsuda's work into a rather lively, fluid, and beautifully rendered celtic-themed album. All the songs from first track to last is filled with celtic-style renditions of the game's songs at their best. And all the low-quality midi voices you heard in the game has been turned into a glorious vocal performance on this album. Every tune seemed to have a life of its own, making this album have a unique personality. The only flaw I found was a rather repetitious feel of every song and that there weren't enough tracks on this album. But this album is certainly worth picking up.",
0,Poor shipping,"Covers where not on tight, or taped, leaked all over everything, including the two video games they brilliantly packed with it and the polish does not come off easy, everything is slimey, never mind that half the bottle is empty. I thought it was a set in a gift box but it was just thrown in a regular box, tipped in every direction. The cloth and sponges also had product all over them. Very disappointed and I've always had great experiences with Amazon.",
1,Better Lucky than Smart,"I ordered Tabers Cyclopedic guide first, but it arrived with some pages damaged in binding. And it seemed compressed in size and with its explanations. So I sent it back (thank you damage) and switched to Mosby's. Hooray! Bigger & better & more thorough with LOTS of pictures. The words searched for are printed in blue, with the definitions in black, making it easy to scan for your subject. Lucky me.",
0,Pieces made in Columbia are unacceptable!,"I purchased the Finlandia pattern a few years back and the set was made in England- and is very nice. I wanted to add a few small plates and the ones that were shipped last week were stamped ""Made in Columbia"" on the back. They are nothing like the original set- some of the pattern is missing some ink (the same on all the plates) and are faded. Also the plate sizes seem a bit bigger/thicker than my original set. I can't believe this company does not have any quality control and think this is acceptable?!? I would only buy this china if I knew it was made in England...I wish it was specified on the product description. I read about the Made in England vs. Columbia in the reviews of this product and thought I'd take my chances. Well I lost- don't order these dishes unless you can make sure they ARE NOT made in Columbia!!!!",
1,Handy little pocket reference,"I purchased this to put in my camping supplies. I found myself pulling it out frequeuntly to use around the house. I think I'm gonna buy another.Pros:solid, waterproof constructionextremely helpful collection of knotsinstructions are clear and easy to followCons:none",
1,Speechless,"My car's CD changer currently has The Beatles, The Who, Sting, Eminem, Coldplay and this CD. What all these artists have in common is artistic excellence in their particular genres. This CD let me smiling and speechless today. There's at least four #1 hits on this CD. This man can sing and its been said before but he is the next Sinatra. Amazing range and feeling and the songs are, for the most part, beautiful and powerful.Get this CD....you will not go wrong. It doesn't look like Clay is going to go wrong either :-)",
0,Conventional Wisdom for Morons,"This book is simply a compilation of repackaged material that anyone with common sense could write down on a piece of paper. The anecdotes are hokey and the BOLD ALL CAPS punch lines are simply there to take up space. Save yourself some money by sitting down and taking the time to think of how to package yourself in your job search. Also, Mr. Lucht makes sure that his self promotion is woven throughout the book. The kicker is that the book is simplisticly and exasperatingly written in a kind of folksy style. My advice: find someone that you or one of your friends knows who has changed careers, take them out to lunch and pick their brain.",
1,"Love It, but...","This amp plays crisp and clear, but i was a little disappointed in the power. I should have known better 50wpc. Still sounds great. I'll just turn it up a litle higher.",
1,Shoo Goo Works,My wife purchased a pair of rubber soled walking shoes. Would you believe the sole on both shoes opened an the center and needed to be reglued. took them to a local shoemaker and he wanted $22.00 plus tax to repair... No I said...I went to Amazon and purchased Shoe Goo for much less and reglued the soles my self. It worked well. Others suggested that I have plenty of rubber bands availabe and I did and used them to hold the soles in place during the bonding process. I give the product 5 stars.,
0,"Capitalism straight, in small unpalatable doses","If you want your faith in market forces and low taxation reinforced, this is a straightforward, but blinkered attempt to make you forget all about government regulation. Funny that west-European countries with bigger taxation and more government influence have less crime, better education, better health care, better TV programmes than the US. They also organise their politics better, so that the tax money is better spent. It did set me right on one or two points, and parts are written in a spuriously funny way, but it is too biased to be really informing . Clearly the writer has never listened to people he doesn't agree with.If you have an open mind compare this dangerous nonsense with the writings of Naomi Klein to see how unfettered capitalism works out in practice.",
1,Great CD!!!!,"I have to tell you I'am one of those that only buys ""Best Of"" CD'S...I hate to spend the money to only listen to 1 or 2 tracks..With this CD I have listened to every single song from the first time! I can honestly say that this is the only CD I have ever bought that I can listen to again and again. Well worth the price and a CD that will be among my favorites for years to come.",
0,Bad written - Wasted money,"I think this book isn't worth the money you pay for it. Ray Bradbury does not describe the story very elaborate and and so e.g. it is very difficult to understand what the people are talking about.Furthermore, the tension the fireman acts with doesn't get clear in the description by Bradbury. This is a very bad style of telling a story and makes me think the author himself didn't like the story.The dialogues between the fireman, Montag, and the girl he meets on the street are forced and do not seem vivid. So it is a great effort reading it.I have to read this book at school and I do not have any motivation to analyze it.",
1,Threesome with tanks,"Supposed being victimized by local communist regime and Soviet oppressors since August-1968, a skilled surgeon changed countries and jobs like surgical gloves he did at hospitals.No wonder, sex is a fix for such a lucky, and marriage to a beautiful adorable woman stopped a character with Southern European rather than Slavic appearance a little.Extended up to 165 minutes of screening, romantic tale with some near-porno inclusions is a bit more over-positive and over-entertaining than its final collapsed in.Well, movie spirit seems being similar to ""A Beautiful Life"", ""Producers"" or, more recent one of Levi's Hitler-as-a-comedy-hero, of what optimism and humoristic style used to depicting the tragedy serve well cinemagoers seeking a relaxation only.",
0,Doesnt work,"This product must be fake because It did not work at all. Usually with that much salicylic acid, it is supposed to ""damage"" your skin and turn it white, that is how you know it is working. Used this for a couple of days with no results at all.",
1,Great for arthritic hands,I bought these holders for my dad because he has arthritis in his hands & it's difficult for him to hold 15-21 cards at a time. We used them over the holiday and they were a great hit.,
1,Did you like 400 degreez?,"A continuation of the illest hip-hop album in recent times, 400 degreez. If you aren't down w/ C.M.B yet, go get 400 degreez first. If you already got and you love it, this is just another hour of banging bump and car music. Great",
0,You get what you pay for . . .,"Rather flimsy construction, prone to leaks, with a distinct chemical smell when baby is wet--I wouldn't buy these diapers again.",
1,Like a tonic!,"Studs Terkel's interviews are always incisive and entertaining but this collection, at this particular moment in American history, is especially welcome. Studs' interview subjects run the gamut from Arlo Guthrie to the pilot of the Enola Gay and everyone in between. There's even a section devoted to union organizers!The common thread throughout all the interviews is hope in the face of hoplessness. I have read and re-read the interviews in this collection for inspiration and comfort and will continue to do so. For me, this is Studs Terkel's masterwork.",
0,Not much help...,"Having passed the SQL Server 6.5 exam, I didn't even find this much help as a review or prep for SQL 2000... Had to get a better book immediately!",
1,great guide,"This is great book on how to set up affiliate programs. It really goes in depth & walks you through in a step by step manner. Whether you are a novice or a pro on the web, this book will definately help you create, manage, and improve your affiliate program.",
0,worst rice cooker,"After i reviewed various rice cookers in Amazon, I bought this one,hoping rice warm and fresh for at least 24 hours. I was wrong. First time I thought I cooked rice wrong to have dry rice on the surface, on the bottom almost no taxture porridge kind of rice within 24 hours . No. it wasn't my cooking method. This is so poorly made rice cooker, even it is said keep rice at least 24 hours fresh. I am wondering how this one get so much good review. This is another reason not to buy at the Amazon,if you are not sure about the item. Buy your local store, and return it when products disppointed in you. I had few cheap rice cookers, couldn't keep rice warm, at least it dosen't make rice dry and porridge at same time. Don't buy this products. Amazon suggest customers no returnable item to sell in their market place, how dare to sell this item to another person, I feel shame to do about this rice cooker.",
0,Quite possibly the worst movie in cinematic history,"Finally saw the much-vaunted Last Tango in Paris. On the DVD case, a reviewer squeals: ""The most erotically powerful movie ever made!"" Yes, oh, so erotic. Marlon Brando uses a stick of BUTTER to prepare his girlfriend for... well, let your imagination soar. Its clear to me that every single reviewer who gave a good review must've been paid off handsomely. To me, words like ""vacant"", ""nihilistic"", ""empty"", instantly and effortlessly leap to mind. Quite possibly, the most over-damn-hyped, contentless, worthless film in cinematic history. I'm appalled beyond words.",
0,Whitey is oppressing you?,They agreed to publish and largely distribute one of her books. Most whites in this country will never have such a luxury. Hypocrite. Racist.,
1,Incredible Literary Work,"Tess of the d'Urbervilles is an outstanding piece of literature. It follows the struggles of its protagonist through life in the 1900s. Anyone who is interested in literature to the slightest degree must read this novel. It is captivating, spellbinding, and heartwrenching. Rarely do I cry while reading a novel, but I was weeping throughout this book. The incredible journey Tess goes on is unmatched by any other piece of literature to date.",
0,what happened??,"I had one of these in use for about two years, and everything was fine with it...recently, I changed it for a new one, and it came apart within a week... I don't recommend it anymore... at all.",
0,Brain Based Learning: The New Paradigm of Teaching,"I am currently reading the Kindle version of this book. The book itself is very easy to read and full of material to try in the class room. Unfortunately, there are no page numbers that correspond to the paper version of the book. As this is a text book, it is impossible to cite material and the page from which it was taken. This is really unacceptable for a text book. It is one thing if it were a literature book, and even then, it would be better to have the physical page number of the actual book. If I had known that there were no page numbers contained in this Kindle version, I would NOT have purchased it. I would have purchased a used hard copy.",
0,Not what I expected.,Not what I expected. Too much acting. Disappointing to say the least. I will not buy the like again. Oh well.,
0,Pile of crap!,This is the worst printer ever. The other reviews are right! Tons of paper jams! I have to sit and babysit it and feed it sheet by sheet because it wont pick paper! DO NOT BUY!!!!,
1,Mostly useful as a historical reference,"Fascinating look into the past. I think some people might think this book has a few good ways to go green old fashioned if you're interested or off the grid or survival stuff or whatever (Just steer clear of the medical section. Fear Factor anyone?) but I think it is mostly useful as a historical reference. A great insight to logic back then. Still it was still fun to let your imagination run wild dreaming of doing some of these things. Also if you are going to do some reading about history why not go directly to the source on that particular subject? The chapter on raiseing girls was very modern in some suprising ways, I expected a sit down and be quite chapter but thats not what I got. For the price I think it was worth it.",
1,First Knight (Cassette),"Excellent service, prompt delivery, excellent conditonas described, packaged well.Would use again.",
0,Stinks jams all the time,Jams with 2 pages jams with 10 pages. I basically have to sit here and babysit the scanner the whole time. I could scan my documents faster one page at a time on a regular scanner. Returning it as we speak.,
0,an open letter,"Mr. Douglas has done a great disservice to his profession by his work on the JonBenet Ramsey case. His self-serving and patronizing chapter on the case is incredible. I knew very little about the case before reading this book, and Mr. Douglas certainly offered no credible insight into the matter. There are so many holes in his theories that I am compelled to completely disregard his opinion as entirely motivated by ego. Others have defended his integrity by pointing out that at some point in the case he refused payment for his services, but it sure was useful to have the Ramsey's cooperation for the purpose of writing this book, for example.",
0,smells bad,"Smells bad, just like any other tanning lotion, and the smell stays on your skin all day. would not recommend",
0,"Eh, why such good reviews?","Another series created out of the idea that a run of the mill dude discovers an alternate world, where he all a sudden becomes courageous and forgets his past. Besides that, the build up of a great magical climax is greatly over hyped, as it falls flat. Dont buy this novel if you are looking for your next great fantasy read",
0,too thin to hold weight,this product is good for child I guess..cause it is a little thin...but it is better than the one I saw on sports authority which is thiner,
0,Low cost defective product,"This is really a bad product. I bought it in hope that I could have one extra bedding when required. I used it on first night for myself and after 3-4 it deflated, annoyingly i filled the air back in night and went to sleep. In morning i was awake again because it has deflated. I thought i am doing something wrong, read the manual and searched online, found nothing. Next night it was the same story. Returned to amazon.(note: this was not my first product either, earlier I tried their queen bedding and it was similar story too)STAY AWAY FROM THIS PRODUCT will be my advice.",
0,absolutely tasteless song for a tasteless Spice!,Get a life Melanie C and I think you are better of with the Spice Girls where we cannot hear your annoying voice!! And please stop being ARROGANT. A one star is really too much for it! A minus five stars would be fair.,
1,Good Book,A historical romance from the 1700's that tells of the true massacre of the French by the Natchez Indians. A good read.,
1,Fun but slightly limited,"Previous reviews state false advertising because of the 360 degree movement, and the fact that you cant move into and out of the background. That is a truly ignorant comment because if you would notice that on a flat 2d plane there are 360 degrees. moving in all dimensions would actually be about 129600 degrees (360degrees * 360degrees). Also, while there may not be as many moves as other games, and the combo system is limited, you have to realize the strategy involved in the fighting system. You have to take advantage of other characters' flaws and time your projectiles. You have to lead characters with your projectiles and manage your psi. Limited moves are made up for with the strategic elements. However, some characters are overly cheap (Setsuna) which somewhat detract from the experience. All in all, this is a great game if you take the time to learn more about it.",
1,Review,A brilliant piece of work. The genius use of foreshadowing definitely keeps the reader wanting more. It is definitely a greAt novel.,
0,UGH...one of the most confusing books I've read to date,"This book would have been easier to read and understand if all the characters had not been named the same or been given similar names. If I didn't have to endure chapter after chapter of people sleeping with each other who shouldn't be, incest, rape, pillaging, death, destruction, more incest, then maybe this book would have been as great as everyone makes it out to be. I understand the last chapter was supposed to explain everything in the book and it does to a point but it doesn't excuse the fact that this is NOT the next best thing to GENESIS! We reviewed this book in our book club and out of 20 women, only 2 liked the book. I think this book is way over popularized due to Oprah giving it a thumbs up in her book club. Maybe it reads better in Spanish..maybe more than one chapter in the book was mistranslated (yes, there are 2 chapters that are mistranslated). I'm not sure. ... Disappointing and a waste of money.",
0,Horrible,"I own the Swissmar Borner V Slicer and find it to be of exceptional quality (very sharp and useful). This item, however, is not. Maybe if you are using this tool to make interesting Veg'Art, but I found it wouldn't even peel a potato properly. The peeler part is so dull I'm not sure what anyone would do with that feature. The rest of the tool is plastic. I wish I never purchased this since it is not worth paying to send the item back.",
1,The Most Amazing Collection of Songs!,"I first heard Christy McWilson sing ""The Serpentine River"" while I was driving my truck around the Seattle area one morning. The song was so amazing that I had to write it down and check out this singer on the web. I promised myself that someday I would buy this CD. Once I picked it up, I couldn't believe just how amazing it was. If Christy McWilson were a painter, her canvas would stretch a city block! Her songs are so strong and powerful that they seem to make the stories contained within them seem enormous in depth and scale. They empower their characters and the themes centered around them. The only question I'm left with is why isn't this talented woman a major recording artist? I've heard so much music over the years, but rarely have I ever listened to anything as amazing as the songs on this CD.",
1,Fast mp3 download of music waxed decades ago,"One of these 26 songs played as background music on a YouTube video of some kind of gymnastic or dance feat out of Russia. I hunted down the melody, read the English lyrics, then decided to see what else was in the album. Downloaded the full album for $15 via Amazon mp3 downloader, and now happily listen to the melodies (interspersed) on my iPod.",
1,"excellent, well written and ver realistic",i thought it described well the possibilties of the power of the govbernment if we the people do notstnad up against the oppression the are providing.,
0,Disappointed,I read this book and hoped against hope for something new in vampire lore but it's basically the same old stuff not very interestingly written.,
1,"Nice program, and you get two Tone Poems","If all you have is the symphonies, this is a nice start to sample Sibelius. The Swan of Tuonela is just one part of a set of four, but the Vänskä version, along with Järvi, is one of my favorites.Buy the disc used, there are usually many copies. I got one and it was autographed!",
0,False,"I have read alot of Krishnamurti,Probably the greatest teacher I have came across,But this book is no better than Humpdy dumpty or the Bible, If it is K which I very much doubt he must have been very immature to write this hollow meaningless stuff.His other works are consistant and valuable, among the most valuable words ever written,This book has less wisdom than the average person on the street",
0,Read...at your own caution!,"I am in eleventh grade Advanced Placement (AP) English and this is the first book I have ever read that has made me want to learn another language. This writer has no respect for his readers with his continously confusing run-on sentences and distracting word placement. Furthermore, he has no respect for the ""laws"" of the language, that are put there to keep from this very disgrace of a novel of ever happening. I will never read another William Faulkner novel; for this one has made me feel like my intelligence has been stripped from me. In plain, American, understandable English: THIS BOOK STINKS!",
0,Repeated book material & out of place reviews,"Man Kzin Wars IX has four stories. The lead story by Poul Anderson is OLD, a repeat from another in the series. However, neither the Amazon entry nor the book itself make note of this; the publisher's dishonesty here is a real shame. The other three stories vary in quality, but at least two are good enough for this to be worthwhile in paperback next year.The one star rating reflects my poor opinion of repeated material with no warning. It probably would rate 3 stars otherwise. BTW, I am an old Niven fan, have read all his SF multiple times, and have read all of the Man-Kzin series.Amazon's automated machinery, or a hurried employee, has mixed in a bunch of reviews here that apply to other books in the series. It's too bad, but I've seem them mix up numbered series before. (See World Radio TV Handbook which is an annual series; they were selling the 2000 edition at a small discount to those who bought the 2002 edition!)",
0,Deceptive,"This book professes to be for all people, but is in fact, just for the devoutly religious. I could not finish it because it was so faith based, it made me sick to my stomach. Maybe some people can just give over control of their lives to God, but I cannot. I don't think that the reason for anger is our sins, as the previous reviewer has written, but I do think this book is deceptive. Nowhere on the cover does it mention that this book will try to get you to give your anger over to God and let him take care of you, but that is exactly what this book tells you. It is a total waste of money.",
1,"So Far, So Good","I've used the bike rack 3 times since I got it. It's very easy to mount and the bikes have not fallen off! LOL It seems to be well made but it is expensive. I'd give it 5 stars if I had more experience with it, the price were lower, and it came with straps to secure the front bike wheel from moving.",
1,Very Enjoyable,This book is thoroughly enjoyable. Although it is only a short novel. You will fall in love with the characters and the story.,
0,Boring,"I bought this book thinking that I would learn something or at least be given food for thought. What I got is a bad travelogue full of inane information about restaurants where the author ate, people he met, what he wore. There is nothing there for a serious or even amateur scholar. Just junk.",
1,Amazing,i have ordered this cd of here but it will take abit to get to me as i live in England. But i have danced and sang along to it at the arcades ive been to and i think its great if you love to dance. My favorite songs are what a feeling and in the navey!! i also like captain jack but i love them all..,
0,Not a fan of Continuum,"I was disappointed.My wife, who is the big stargate fan, was also. She watched it a second time and said she was glad she bought it ... after being really disappointed on the first viewing.If this were the only stargate show, I would not have any desire to watch another.My wife and I had settled down to watch good entertainment and I really was not at all happy with what I saw. It seemed confusing to me how they were pulling elements from different times and trying to put them under a single time.Anyway, glad to give my opinion for what it is worth.Save your money for something that is worth watching.",
0,Very Disappointing!!,I bought this for my brother who is an architect. I thought the picture was really cute. I was really disappointed with this when I got it. It's made of hard plastic and there is a weight inside that bangs around when you move it. Completely not what I expected.,
0,No Editor? Mediocre Content.,"After watching a few of the author's videos, it was obvious he knows what he is talking about. Unfortunately, the book is filled with simple grammatical errors, repeated sentences and out of order pages! Even if you overlook the printing issues, you won't find much content. The majority of the information is common sense. It hardly lives up to being a comprehensive guide. It's like they published the first draft of a basic safety lecture. The chapters might pass as blog posts but I expect a higher standard when you print a book. I am considering returning it. Hopefully, the author will write a decent second edition in the future.",
1,Young Hornblower is OK,"This series is, for me, stronger when Hornblower is a young officer learning his craft and developing his skill base. This was a book I enjoyed and which prompted me to continue with the series to the end.",
0,bad purchase,Wish I wouldn't have wasted my time and money. Quit working after a few uses. This product was very cheap and a item I wouldn't recommend.,
1,Pampers Baby Dry,"I am the mother of a 14 month old daughter. Baby dry has proven to be very economical when you buy the bigger packs. With 176 diapers in the package , they last a lot longer than the ohter brands I was buying without having to compromise the quality. Price wise it's cheaper too. This is my 3rd order and if all goes wello, I'm will continue ordering them. However it does seem to be less soft than the other brand I was using but my dauther is very happy so I think all is well.",
0,"Weak, choppy fights, bad dialog, some good SFX","It is an average action movie. People that give it 5 starssubmit to mass hypnosis. Fight scenes are very choppy andugly shot - Chris Nolan could learn a thing or two frommovies like ""Hard-Boiled"" or even ""Kungfu Hustle"".Dialog is juvenile and boring. Parts of the plot areutterly ridiculous - as a boy Batman was scared of bats sonow he travels to Tibet to confront his fears. Cinematographyis pretty good - that and few SFX saves that movie - otherwiseit is pretty empty shell of action movie.",
0,Would not inflate RETURNED,"I've bought several air beds from various manufacturers. I bought one identical to this one 1 1/2 years ago. It was comfortable but lost air after 3 months. I justified this as the user may have not taken care. However, I now believe its the brand. This one would not inflate at all. I will not buy this brand again. I've had great life from a better brands.",
1,Full satisfy,"The Zen vision allow to store thousands of family pictures ,Favorites MP3 songs and full disks you have,Control each user use with his own play list,and store films you can easy connect and look through your TV or personaly in the Zen Vision screen.Good control and arrange softwares came together.",
0,Mr. Coffee Warmer Not Too Hot,"The Mr. Coffee warmer does not produce enough heat to keep a beverage in a typical coffee mug warm. The wattage should be higher. In addition, earlier models had a somewhat higher wattage and an automatic shutoff if the cup was not lifted from the warmer for a period of time, approximately 10 minutes. When the cup was lifted, the timer would reset. Also, when the cup was lifted, the warmer would shut off until the cup was replaced on the warmer. The current model does not have either of these safety features. Once you turn the warmer on, it stays on until turned off with the manual switch on the warmer (if you remember to turn it off).",
1,Silicone cover for Palm 755,"Quality is a 3, but lets be honest with ourselves, it is a dollar!! For this price, this does it's job extremely well. I use it all day, but when I'm out , I take the case off, its not the most attractive case I've seen.Its a good product for an outstanding price.",
1,Dark Fantasy with MORALS,"I loved this book, because it teaches people why not to have enemies due to consequences. Judging people like saying someone is a dork, jock, etc. could be murderous like in the book they killed themselves. It is realistic but fiction.",
1,I love Tivo,I always wonderd about TIVO and now I wonderd how I ever lived without it. This product rocks.,
0,missing content,I am very excited about reading this book but this version is missng a lot of vital passages. I was really disappointed with ths version and am seeking another version to download. Amazon please fix this ASAP. Sir Doyle would be appauled.,
0,Review of book,"I didn't care for this book at all - in fact, I stopped reading it several times because it droned on and on about the writer's depression - so much so, it made me depressed! I wanted to read about her recovery - and after more than half of the book behind me, I was still looking for that. I wouldn't recommend this book to anyone!",
0,The missing songs...,"Nero from NYC - you're absolutely right: unfortunately the best songs of the film are not included on this soundtrack. These are 'Hell', 'Sailors' and 'Whore' performed by the wonderfully strange band ""The Tiger Lillies"" from London, all available on their own CDs... Not really Zydeco, but great stuff, nevertheless!",
1,Unique and Captivating China,"High quality, light weight and uniquely interesting pattern. Adds fun to the dining experience and cleans up like a dream in the dishwasher. Arrived in absolutely perfect condition and was packaged exceptionally well.",
0,WASTE OF TIME AND MONEY,"I bought this toy to give my grandson for his birthday. It was ordered in October for his December birthday. I decided to open it before I mailed it to see how it worked. Well, it did not work at all. I opened the mouth and some of the time the teeth all pop up but most of the time 6 to 8 stay down. When they all popped up, then I thought it should work as described. It did not. I have never gotten the mouth to close when I pushed a tooth down. It is a piece of junk! Since I did not check it out until after Thanksgiving, I can not return it for the full price. By the time I pay for postage I would loose even more so I'll just trash it! What a BIG DISAPPOINTMENT!!!!!",
0,Don't Bet On It,"Player 5150 is close to the top of my ""Eject Immediately"" heap of flicks.It's a wonder to me how a movie like this gets past a pitch meeting! Maybe an explanation is the lowering cost of actually making a movie - something excruciatingly evident in the low-budget look and feel here. A patchwork of cliche-rich dialog and awkward borrowing from other films, this DVD is barely watchable. NoPushover recommends not gambling on this one.",
0,BORRRIIIIING!,"I read this book in 8th grade. It was fairly easy to read and was not too hard, but it was by far the most boring and pointless piece of literature that I have ever read in my 15 years of life. I MUCH would have rather read a Case Note!If you are considering purchasing this book, I thouroughly discourage it. If you MUST read something by George Orwell, read Animal Farm. It is a pretty good book...",
1,"Perfectworldsong ist my lovlely song, but all another .....","Yoko Kanno ist my best songwriter,I have all her Music collection",
1,Incorrect Product Description,"The product description on this item says that it fits 8-18lbs. But, if you look on the box it says ""Up to 15 lbs."" Otherwise, these are great diapers at an affordable price!",
1,Visually Stunning,"I loved the Movie, it has everyting Great direction, Stunning visuals, Good looking cast, Great locations, Superb arieal fight scenes, Awesome Blu Ray picture & sound quality..Other than some great action, it covers Romance, Friendships & some more..pssst now thats for you to watch & find out!!",
1,A Charlie Brown Christmas,What can I say that hasn't been said already? This is a classic....My 4 yr old granddaughter saw it for the first time and fell in love with Snoopy.,
0,Boring,Don't bother wasting your money. This book is slow and goes nowhere fast. I could not even finish the book.,
0,did not like,This set is very small. Not happy at all. Bought it because other people gave good reviews. We have a wood burning stove. The poker is not long enough to safely move logs around.,
0,baby what?,"they did not let me leave comment on pampers size 5 not the baby dry but cruiser i just bought size five and there is NO MESH LINER! I contacted pampers and this is their response:I'm sorry for the confusion. Sometimes we try new features on our diapers which result in different versions being on store shelves at the same time. I understand your frustration since you're not able to tell which package has the style you prefer, and I'm sharing your feedback with the rest of our team.hmmm....how about I want my MONEY BACK?",
1,You will be freaked,This is one of the best Argento Movies ever. The music though simple stays with you. There are few plot holes unlike most Agrento Moives. The ending is a definite twist! I hope Troma releases the UNCUT version of Stendhal Syndrome because there really is no place to cut the movie without losing some of the impact and Plot points,
0,Pointless Movie!!,"I was sold when I saw how many ratings this proclaimed 5 star movie it had received but to my disappointment, it was just a waste of time and money. If you really want to see a good movie about a piano or pianist with a good story to it then I recommend ""The Piano"".This movie was somewhat sickening and pointless. There was no real good story behind the movie. Just 2 puzzling demented sicko's who's only purpose was to make you vomit and throw that movie away. I'd like to give a synopsis about the movie but the truth is, is that there's really no good plot to talk about a synopsis.Do yourself a favor and skip this movie. You'll save time and money. Not all 5 star movies have earned their stars.",
0,Didn't meet expectations,"I purchased this product expecting to save some of the shoes with soles that have dry rotted here in the Caribbean and the Shoe Goo wouldn't stay. I tried with several pairs of shoes, from tennis shoes to sandals and the results were poor in all the cases.",
0,"Horrible, Absolutely Horrible","This product did not match the description, or the picture. The product was very bulky and poorly fit. I left it in a drawer for a couple of days, and, upon return, found that it had leaked a corrosive substance onto the drawer, that damaged the drawer and produced a foul odor. It was a very unpleasant experience. I would not recommend this product for anyone.",
1,A music fan,"I am totally blown away by this album! I haven't heard anything this great in a very long time. Clay has the most beautiful voice in the world, I highly recommend this CD if you enjoy real music.",
0,I would rather chew my leg off than have you read this book.,"Please let me begin by agreeing with most reviewers that Aldous Huxley was a brilliant man, one of the most forward-thinking men in modern history and (on the whole) a wonderfully gifted writer. That being said, this book is absolutely, unequivocably horrible. It is 354 pages of plotless, repetitive socio-preach. Mr. Huxley's ""A Brave New World"" is, in my opinion, one of the best novels ever written. ""Island"" does not rise to that same level, though, and I would not wish it upon anyone.",
0,"If you didn't like the pearl,you won't like this one","Of Mice and Men had a good begining and a good plot. It would have been a better book if Steinbeck had made it longer and put more effort into it. When you read his books you get the feeling that he started out with this great idea, and then got bored so he just finished the book real quick.",
0,Inaccurate description,"My suburban hot water heater drains where the Anode rod is. It is 1 1/16 and the wrench description does not indicate it is for, I believe, a Pet Cock fitting. Camco should better describe this item showing the size fitting it is designed for. Camco should know better.",
1,Odyssey (VHS),"I needed this in a timely manner to replace the department video that had been misplaced. I ordered it the day before Thanksgiving, and it was shipped out to me the Friday after. It arrived in good condition in plenty of time for me to review before using it in the class room.",
1,A book that gives me a new outlook on life,This book has changed my vision of natural human nature. I have found many events and characteristics of the Party to be preshadowings of organizations I see everyday. It also showed me how an evil administration can distroy a love that was so strong. This book is scary and too real.,
0,Writer and director witoout souls,I cannot imagine a writer and director so soulless that they could read The Haunting of Hill House and come up with this drek. De Bont should go back to directing thrillers like Speed and Self should stick to comic books.,
1,One of the best albums of all time,"If you're gonna buy an Oasis record or any for that matter, this is a great one to get. Every song is catchy as hell. Just great pop rock songs. Noel Gallagher is one of the best songwriters ever. Liam's voice is awesome the whole way through, and you'll find you can't get the songs out of your head. Slide Away is the song that grabbed my attention and made me want to purchase this album and become a bigger fan. What you'll find is all their songs are good, and you'll wonder what you've been missing. All their albums are good.",
1,Timeless and Enduring Social Commentary,"Orwell's tale of a society where not only behaviour, but also thought is controlled, seems to grow ever more relevant as the years pass and new technologies of surveillance emerge. 1984's concept of `Big Brother' has passed into everyday use, and the `telescreens' used not just to broadcast, but to watch people, increasingly appear throughout the real-world society in the form of surveillance cameras. Whilst the totalitarian governments of `Oceania, Eastasia and Eurasia' depicted by Orwell may seem to have passed (in the majority), his general sense of helplessness, as expressed through both the protagonist Winston, and the oppressive atmosphere, is as relevant today as during the years of the Cold War. A timeless and enduring tale that will remain relevant and controversial well into the future, despite being set in the past.",
1,Let's hear it for the ECM!,"I've known Jim for a while now. And I suppose that might colour my impression of this, his first published full-length novel. Fortunately, it doesn't need to.This is a wonderful book. The characters are believable. The story is fluid and while there are number of things that aren't explained (no Trek physics! Yay!), it isn't necessary for you to understand how FTL works or YouthBoost...noteven the folks in the story understand it.Festina Ramos, our heroine, is a real person. Not in the sense that she exists in our reality...I don't know if she does or not, nor, in the long run, do I need to. But in this story, she's alive and real and very full of that vitality that makes you care about someone.Read this book. Really. If you like SF. If you like strong, believable characters. If you want to kill a day reading.Just go read it. It's worth it, for whatever you're looking for.",
1,"Easy set-up, zero problems","This took about 1 minute to set up and I've had zero problems with it! It's been worth every penny! I can now schedule shows on my TiVo, via computer, when I'm away from home; I can send programs directly from my TiVo to my home computer (for saving on DVD, editing, or sending to friends); and I can access weather and other info right on my TV...but I think the best part is that my TiVo no longer requires a landline phone!!!",
1,Great but you will see the dirty soles :-),"The shoe rack is good. It looks nice and easy to assemble. It is also easy to adjust according to the shoe sizes.I have couple of concerns. One - As other people have mentioned, it is not very easy to put on the big shoes. It is very comfortable to put in my kids and my wife shoes. However, when I hang my shoes, I have literally squeeze them in. Second - When you put all the shoes, you will see the back of the shoes for the ones hanging on the front. The pictures never show the tree with all the shoes filled in, so I never realized that it does not look as beautiful as shown in the pictures.",
1,Good read,Great read. If you have something mote profound to read I would suggest that. All in all a great story though.,
1,Michele has done it again,The Things I Wish I'd Said is another winner with me. I could see these stories unfold either because of the imagery that Michele provided or in some cases reflections of my own past experiences. This books makes you think of the good and bad in the world in which we live. I recommend this book to any reader. I also want to thank Michele for another wonderful book.,
0,This sure ain't the Sugarcubes!,"I bought this CD simply because I spent my teenage years listening to the Sugarcubes, and I LOVED THE SUGARCUBES. I'm quite disappointed though cause this just doesn't sound like them. I mean sure the songs have Bjork's trademark singing voice, but the style of the music is rather boring. The only song I like on here is ""Army of Me"". The rest is just filler to me. Sorry Bjork if I'm not digging your solo career.",
0,Not up to par with Bradbury's other work,"This is Ray Bradbury's worst book. I cannot believe ... a good writer bombs here. 1st, Clairsse McCellan, the only one who I like in the book ..., then the book skids downhill from there. 2nd, There is a lot of taking the Lord's name in vain, which is breaking a commadment and is a sin. Mr. Bradbury could do better.",
0,should have known better,"For basic instruction this tape is OK. Her oral description of the techniques is clear. Atea is not relaxed at all in her instructions or moves. In the instruction part of the video she seems like a puppet controlled by strings. She is too skinny, unattractive and doesn't even have an attractive navel. She fails to hold your attention. Her other dancers are a bit better, but the whole tape seems so contrived and does not move with a natural flair. For verbal instruction, OK, for visual efects you can get much better. And the dance at the end is a real joke. Your money is better spent on Suhaila!",
0,Air cleaners that do not clean the air,"According to Consumer Reports tests, the Sharper Image Ionic cleaners do not clean the air.",
1,It was better in the movie,"Well, it was very romantic and very imaginative, totally complicated and fantastic to analyze, very emotional. I'm touched deeply with Shakespeare.",
0,Small Device... Huge Disappointment,"When I first heard about this I was elated, no more guessing what the song I was listen to is called. Then I connected to the website. At the time I had a 28K modem. Trying to access Sony's flash-enabled site was undesirable, if not impossible. I had to wait half an hour just to figure out what a three minute song was called. Also, the fact I still had to write down the station I was listening to. Doesn' that defeat the purpose of this toy?",
0,Constantine the not-so-great,"Is this movie a joke? A psychic guy running around in LA, killing demons with a crucifix-shaped gun. At one point, he kills a whole bunch with the aid of holy water...coming out from the sprinkler system! A Black voodoo priest called Papa Diavolo or something to that effect. Lucifer is on bad terms with his own son, named Mammon. The archangel Gabriel has a fall out with God and looses his wings. And no-no-no, you can't commit suicide, because if you do, you automatically go to Hell. Chain smoking is another sure method. And Heaven looks like...the Manhattan skyline!Once again, is this a joke?""Men in Black II"" were better.",
0,Too Basic,"This book is far too basic, with information easily found by a quick internet search. Scarce on facts and high on opinion, this book was clearly written with someone unfamiliar with medicine but with marketing savvy.",
0,Not so sure anymore,"I have used Bragg's Liquid Aminos (BLA) for a couple decades now, but I'm not so sure anymore. I have read the comments at http://www.welikeitraw.com/rawfood/2005/06/bragg_liquid_am.html (if the link is deleted, do a search for Brag Liquid Aminos at the welikeitraw dot com web site). Glutamic Acid and MSG do naturally occur in foods, so their presence is not an indication that the product is harmful. Claims that the soybeans are broken down with hydrochloric acid and then the acid is neutralized with a base substance, like baking soda. However, BLA does not contain much sodium. So, as an experiment, I am laying off the Bragg's for a while and using natural herbal seasonings like powdered cayenne, garlic, onion, kelp, etc., just to see what happens.",
1,The Cannibal's Wife,"I don't generally like nonfiction/biography books, but The Cannibal's Wife is a sensitive, moving read. I only gave it 4 stars because the subject matter made me, well, disturbed. Nevertheless, I recommend it highly. Sometimes we need to be disturbed.",
1,important history,"Though not strictly an historical piece, not a documentary, Zoot Suit shows an entertaining and engaging storyline. It does this while revealing an historical event and how it is indicative of the unequal justice of the past and present for non-whites and those not fitting the social norms set by white society. It is truly worth seeing but I have had to explain the Edward James Olmos character to several people. He is voice in Henry Reyna's head, the image of what a Zoot Suiter was seen as, narrator of the story, and a few other things all put together. See him as a shadow more than an actual character that all others can see.",
1,"Definite ""thumbs up""","An excellent little collection of spells. Not wicca or CM, so if you're looking for those you might be more pleased with some other selection. But it's good solid folk magic, largely of a mixed African and European flavor.I wouldn't say the book is indispensable for the advanced or intermediate practitioner. It's largely addressed at the beginner. But it's a pleasant read, well organised, and contains more useful practical spells than most books on the market these days.I definitely class it as a good value, especially at the price.",
0,wireless Camera,This was a great camera for the two days that it worked. I don't know what happend to it. I came home from work on the second day and my screen was all fuzzy. It just stopped working.,
0,POOR QUALITY,"I have been buying toys for my kids as well as my niece and nephew for 14 years and this is the worst quality toy I've purchased! In fact, I had better quality toys when I was a child. My 3 year old son insisted on having this for Christmas and he loves it despite the fact that we have it leaned against the wall to hold it up. It comes with adhesive but I don't want to risk damaging our walls. It is very top-heavy (the 3-level batcave is help up by a couple light-weight plastic tubes)and, though the idea of all the parts snapping in place is nice, I actually had to glue one part in place so it wouldn't fall in the floor. Speaking of pieces, there are a million of them! The directions could be written better also. I read the other reviews here after my son had his heart set on this toy and wish I could have talked him out of this one. Fortunately, he has enjoyed playing with it despite all its flaws but he got better quality $10 toys for Christmas than this one!",
1,Very good,I really enjoyed reading this book. It is a hard to put down. The author really brings out the liveliness of the characters. I don't usually read books twice but I would pick this one up and read it again,
0,The Witch of Blackbird Pond,"I am very disapointed that my teacher chose this book for my class to read. I feel it was very dull and boring, with nothing to keep the reader attentive. Throughout the entire book, there were no exciting scenes (there was one situation where the author could have made an exciting moment, but instead decided to turn it into a section of tasteless humor) and many of the chapters were about relationships between characters which were not explained enough to be interesting, or the various chores and jobs that the main character, Kit, did.I know there are many readers who enjoyed this book, but I personally do not like books who just tell the lives of someone unless there are some exciting events. Too many of the chapters of this book were wasted on petty happenings such as washing clothes or teaching someone to read. If you are looking for a book with excitement or adventure (which is what the title implies), I do not recommend this.",
1,The Rabbi's Cat is the cat's meow!,This book came highly recommended to me by my Rabbi's husband. I was not disappointed! I think everyone will love this illustrated novel.Jorma,
0,Not what you think it is. It's terrible.,"If you've recently been to Hawaii and you are looking for the music by 10 feet, this is NOT the band. This one is horrible and it only has three terrible songs on it. Not recommended.",
1,Awaiting Arrival But Heard All Songs,"I have yet to receive my MOAM + 1 but since I have heard all the songs, I will give this cd a 5 star. I have listened to this cd everyday since its release and I have over 3000 cds. It says something about this cd and that is, it is that excellent.",
1,AWESOME!,Perfect Book!Greatest Tips Tricks and Tweakings for all growers.Definitely Highly Recommend The Cannabis Grow Bible!,
0,re-wrapped oozing cheese,"Lovely sentiment, not what was expected, though. Somehow thought the cheese would be in a gift box similar to the one shown, not just stuffed into dismal styrofoam. I'm not certain what to make of the leaking eplorateur that was rewrapped in some plastic wrap....hmmm..wonder if it was shipped out that way or someone had opened the container -it's below freezing here, so doubt it ""thawed"" en routewill probably go out for dinner or to the jeweler next year",
0,Piece of Junk,"Backgammon Attache 18""Backgammon set arrived today. First inspection disappointing. It is poorly constructed, as follows: stitching is inconsistent; points are not sewed down; some side seams ""show air""; board border seams uneven as if not properly glued. The pieces are lightweight, not a good feel. Overall it's seems cheap. Not going to hold up. Does not have the tactile feel of a good procuct. Tactile feel is very important to me. I am disapppointed that the manufacturer did not have a sense of ethics for creating a good product, and that this piece of junk even passed inspection. It may be an acceptable board for a child learning to play, with the caveat that it will not hold up. I now start all over searching the internet for a well made board.",
1,Great baby gift,I purchased the Economy Pack of Pampers because it was such a great deal. Diapers are essential for babies and can become a big expense for parents. I was able to send several months of diapers to these first time parents. They have been much appreciated.,
1,Quickly outgrown - best for 1-3 year olds,"I purchased this climber/swing for my 2 year old twin daughters (a couple years ago). We have a large Cedar Works wooden play structure (highly recommended - no splinters!) purchased for their older brother but I thought they would need a smaller transitional climber. I was wrong. They wanted to play with big brother so went right for the wood play structure. They all still use this occasionally (ages 3.75, 3.75 and 7 now) but it is pretty small for them. I would suggest this for 1-3 year olds and only if they don't have an older sibling and bigger play structure to entice them. It is low to the ground, providing easy access to a new walker. It went together quickly and relatively easily and has held up very well, even with a 7 year old climbing on the roof.",
1,A Majority of One,This is one of my favorite movies. Rosalind Russell and Alex Guinness are just wonderful in it. Great movie!! I am so glad that is finally available on DVD. Thank you Amazon.,
1,Excellent Introduction to Philosophy Text,"If you teach Introduction to Philosophy using a historical approach, this is the text I recommend. I used ""The Philosophic Classics 2nd edition, From Plato to Nietzsche"" for my classes and was looking for a text with the same basic works with some more contemporary materials. I find the updated 3rd edition, ""From Plato to Derrida"" the perfect solution. Instead of having to look through more textbooks for the right stuff, this is it.",
0,Avoid if you want ANY extra features.,"First, I really enjoyed the movie. Like the other two films, this was a lot of fun to watch because you can disengage and simply enjoy the action.The bad news is that if you care anything about extra features, this is not the release for you. A blu-ray like this is completely unacceptable and is truly a money grab. Wait for the next release which is suppose to come out later this year. From now on I'll pay more attention to the release notes. I haven't bought anything like this in quite some time.",
0,"no color choice, no buy","I want a specific color, not a random one. Thanks to the reviews, I won't be buying this one either !",
0,EXTREMEly obnoxious,"The videography of the trains is outstanding. Unfortunately, the host is about as obnoxious as they come. Screaming, jumping around, arms flailing, and extremely dumb dialog (you can see just about everyone he interviews/works with cringes at the things he says). On top of that, the rapid jump cutting is enough to make you want to hurl. No joke! Most of the scenes shot of Matt's dialog is with the camera right on the ground pointing up towards him while he's shouting at the camera flailing his arms around.This could have been an excellent series, but it is ruined and unwatchable by the script and host. I'm shocked that anyone liked it.",
0,Did not get what I ordered,"I just got these stockings but the seller sent me a way smaller size (A-B) than I ordered, I e-mailed them telling them about the problem and will keep you dear buyer posted. I cannot tell you about anything about the quality or color because I have not opened the ones I received.",
0,only hypes,"I bought this antenna based on good reviews here, but I really found out it works even worse than inserting a piece of wire to the coaxial jack of my TV. Returned promptly, but had to pay round trip shipping fees. Think twice before buying it.",
0,Foundation,"The Foundation is completely undeserving of the fame accredited to it. Had it been more eloquently executed, the collage of textbook style narrative and bad dialogue might have been sufficient to generate a bearable story. All the social concepts Asmov brings up are well worn and ill-portrayed on the backdrop of a generic, illogical sci-fi universe. His writing style is bland and every one of his characters can be found by an other name in star wars.",
1,My daughter liked it,"While I am not a big fan of this costume, my four year old liked it and that's all that matters. She wore it almost every day before Halloween and she felt so proud to say to others she was going to be a super hero for Halloween. She definitely has enjoyed it, the price was great so I am happy with this purchase.",
1,HE's So CUTE!!!,"His singing is ok, and the songs are not my style, but the four stars are for his looks, oowww!!!",
0,Stopped Cold,"I had seen this authors' works offered for free on the Kindle page and since the price was right downloaded two of them. I was happily reading ""The Lamp In The Desert"" when I got to location 2458-61, and there in the middle of the page was the ""N"" word. Now I realize these books were written in a different time, and people had different morals and people were unenlightened, my problem now is, do I want to read a book written by someone so obviously contemptuous of me, no matter what decade the writer lived and worked in? I think the answer is NO! I was truly enjoying the book up until location 2458-61, and had even gone so far as to call my sister and recommend them to her. I am truly trying to be a bigger person and but I cannot truly support people who do not respect me. I am deleting this book and the ""Rosa Mundi and Other Stories"" today. Life is hard enough and I shouldn't have to fell insulted by something I bring into my home for pleasure. Sorry Ethel, ya gotta go!",
1,Adam Sandler is Awesome,"This movie is great, but having it on 2 disc special edition maked it even better. The special features are the shiznit.",
0,Adds very little to the online docu,"This book adds very little to the online documentation provided by the tomcat team and seems to be published in a hurry just to be the first tomcat book in place. E.g. on p.103 at the end of chapter 5 you can read: ""In the next chapter, we cover securing a Web application using the Secure Sockets Layer (SSL)."" Well, there is no such chapter in the whole book. The same at the end of chapter 12, where Goodwill promises a Chapter on integrating the XML Apache Soap project into Tomcat. Again, no such Chapter.Covering the basics, the book does a good job, but as said, the provided ducumentation does it as well.",
0,DO NOT GET THIS VERSION,"DO NOT GET THIS VERSION. It is a scam. Literally. It contains acts 1 and two, and then skips right to act 5. The text has obviously been copied and pasted from various sources, it randomly switches between paragraph form and iambic pentameter.The image on the front and back is pixel-y, someone with little knowledge of image editing applied it.This isn't even a good forgery. I could tell something was wrong the moment I picked it up.",
1,All Barsoom books are great!,I first read the Martian Chronicles as a teenager. They are in fact the only sci-fi I've ever read. What I want to know is why George Lucas or Steven Spielberg havn't made movies of them? With their abilities in the sci-fi world they could do a great job with them.,
0,Wait for the better version,"Bose is supposed to have a good reputation in innovative audio technology. But, this attempt at ""Acoustic Noise Cancelling"" is a misnomer, in fact, plain misleading. It may reduce some engine noise in the plane, but you hear everything else, including screaming chidren and chatty passengers. The idea is good, but the technology is nowhere there. I'm returning mine back.",
0,Horrible...,"I used this camera for a year untill during a period of a couple weeks of not being turned on, something to do with the light sensor malfunctioned. I think all Canon ZR series cameras are inclined to having buggy hardware and I dont remcomend buying one.",
0,signature style,"i was very dissappointed in this book. nothing new or fresh. photography is really unispiring. too tradtional and old fashioned, nothing innovative here.",
0,Prints fine--software/drivers abominable,"The printer produces crisp, clear black and white pages. The efficiency of toner usage isn't too bad.But I soon started having major problems with my computer system--all peripherals using USB ports stopped being recognized by my Dell Dimension 2400 running Windows XP. What finally fixed the problem? Disconnecting the HP printer. With the printer installed, nothing else connected to a USB port worked except the printer. With the printer removed, everything worked fine. Other (borrowed) printers hooked up to the computer worked just fine and did not cause the system-wide problems.I tried downloading a variety of device drivers and patches from HP, none of which solved the problem. I finally had to get another printer--foolishly I bought another HP device (a C4280 All-in-One--look for my review on that item) because they employ some people I know. A mistake on my part. In addition, HP doesn't make a Mac-compatible driver for this printer.",
0,The Other review was wrong,I am sorry Smallville but all those touching moments don't make up for you having some terrible writers most of the time. So yeah this episode has a moment in the end but yeah its also not worth watching. Just move on to the next.,
0,Terrible diapers! I will never buy again,I purchased these diapers thinking that Pampers is a good brand. These were terrible! A tiny amount of pee would fill these and make them very tight. I will never buy again!,
0,Chinese-made piece of junk,"When I bought this foot pump I wasn't expecting much of it, given the ridiculously low price I paid (less than 10$). However, it turned out to be even below my expectations: there is no way it can reach its maximum rating of 100 PSI since it can barely handle a bicycle tyre. This really confirms that what you pay is what you get! I guess this is the kind of product that really needs to be seen -and felt- in order to assess the quality of its construction.",
0,this type of shopping will make the more comfortable and ha,we should be very much thankful for providing this type of shopping and making the life still more pleasent then before.,
1,Better than taking a class!,"This video was almost like taking a birthing class. It's almost as if you are in a classroom setting, but in the comfort of your own home. The people are a bit out dated, but so far I've learned a lot and this has been so much more convenient that going to an actual class. I recommend it highly!",
0,A Waste of Time,"Written by a failed spiritual seeker turned anti-spiritual polemical secularist, this book lacks the substance and insight possessed by a vaguely similar but nevertheless far superior work of disenchantment, Jeffrey Masson's *My Father's Guru*. Having spent three years attempting without success to follow the Sufi path, Ibn al-Rawandi in this book returns to Sufism but weakly flails about in his efforts to exact from it his revenge. Ultimately his message is that if you are a rationalist and do not believe in spiritual transformation, do not get involved in Sufism. Sound advice--but isn't this obvious?! The bottom line, though, is that a good piece of yellow journalism should at least be a juicy and engaging read. Sadly, this work is by and large flat. So if you want a book on spiritual disenchantment, read Masson. If you want something on Sufism, read anything but Ibn al-Rawandi.",
0,Heavy Duty Appliance Rollers,Rolled out from under appliance when attempting to move appliance creating potentially hazardous situation. Would not recommend this product.,
0,please pass: no good,"bought these for my iPod. aside from the noise cancelling gimmick, the earphones that came with the iPOD sound better.the Bose sounds muffled and tinny, and you have to crank up the volume to the max to get some sound out of it compared to the original earphones. the noise cancelling is a gimmickMy old Sennheiser Cx100 are just better for a 10th of the pricethis was my second and last Bose purchase",
0,Major Disappointment,"I've always loved Brian McKnight's music. From ""Back at One"" to ""Still the One"" to ""One Last Cry"" and ""Anytime""... loved em all. If you're hoping for anything remotely like those, you'll wish you hadn't spent the money. It's such a shame that I have to not recommend this album, but it just doesn't shine. I sense that he feels like he needs to get back to ""his roots"" by going more soulful, more slow hip-hoppy. And while he succeeds on those points, it's just not gonna produce a top 10 single on regular top 40 radio. It sorta reminds me of later efforts from Mariah Carey and Whitney Houston where they stopped delivering the kinds of music their fans wanted and instead did their own thing. What a shame, and what a letdown.",
1,clever animation with live actors.,"I remembered Roger Rabbit from years back. I picked it up just to wander back to the silly but clever animation in ""Roger Rabbit"". I was also aware of the background situation where General motors bought up most of the trolley lines, in order to force a transition to use their buses. All in all, I laughed again just as the first time I saw it. While not a flick that is looked at every month, it is a nice break in the usual Hollywood dramas. Let yourself enjoy it without letting the plot put you to sleep.",
0,I'm glad I didn't spend the money on it.,"I got it at the library and boy am I glad I didn't waste my money by buying it, which I might have done based on Donati's first novel. I am sooo disappointed! This was a snoozorama to say the least. I guess I can only hope for improvement in the 3rd novel. This novel was just sooooooo slow and boring, Daniel and ""Boots"" had no chemistry which was very disappointing",
0,Ripoff ! Don't Buy From CMMA Accessories !,"I received these and they were defective. Months later, the company has continued to dodge me and still has not processed my refund. Their shipping costs are 6 times what it cost me to return them for no refund. Amazon, where are you to remove CMMA Accessories ? Don't let their 3 or 4 star overall rating fool you !",
1,Web of Life,Gives good complex look at the animals in different environments and shows the environmental issues challenging each place. Filled with stories from Jeff Corwin's life and his own encounters with both exotic and extraordinary animals.,
0,You must be a Bowie fanatic to recomend this dvd...,"As a David Bowie fan of his earlier music, I was extremely disappointed by this ""presentation"". Poor music selection, terrible arrangements, sound quality befitting old 8mm home movies, and grainy picture. I believe this was shot with 2 hand held cameras focusing exclusively on Bowie, almost completely ignoring his band members. Do NOT waste your money on this dvd!!!",
1,Great idea- may want to stay more on the subject people,"The author may want to stay more on the subject of the people you are talking about to make it easier to understand, especially if the readers are not from that generation, as I am only 16. Great idea though! Each generation who had to fight in a war should be remembered!!! Telling each person's story made it much more interesting! I liked that I could skip around without much of a problem.",
0,Caution: It does what it claims it will do.,"I have two other cup warmers, but this was to be my third. It does EXACTLY what it claims to do: it is a cup WARMER. So, if you enjoy picking up a cup of WARM coffee -- you know -- like SPIT, 99 degress in your 98.6 degree mouth, well, good news, boppers, this is the cup warmer for you!",
0,It's not true. I get gypped..,"It's not true. when I received the printer, I found that the printer did not have any cartridge. so, I had to buy the cartridge. the information is not true. be careful. I was very upset.",
0,Too difficult,"For trying to be a popular exposition on mathematics Devlin's book is too difficult for the lay reader. Unless you have university level mathematics in your luggage you won't understand much. The explanations of basic conepts are missing, the proofs are not there and the history is condensed into a few pages. Thus if your mathematical imagination cannot fill in these gaps you will not extract much pleasure from this book. You will rather be frustrated. I myself have read mathematics at the university and still couldn't follow him everywhere. The problem is that the labeling of the book is misleading. This is not a book of popularized mathematics. This is leizure time reading for mathematics professors and math-freaks. If you want to read something that is easy to understand but still interesting try some of the American Mathematical Society's wonderful publications (you can find them all on amazon).",
1,good product w/ bottle design failure,"The bottle press doesn't allow air intake, which means the more lotion you squeeze out, the more distorted the container will be. Because It's odd that such a good product comes with bad bottle design.",
0,Bratz Helmet,"When I ordered this product, I didn't see a size chart and I was sent a size that is not suitable for the purpose intended.",
0,Wasn't all that great.,"After reading all of the reviews for this book, I thought it would be pretty good. However, I found it to be predictable. The story-line seemed be dragging at several points in the book and I just wasn't buying THE REASON for Adrian's betrayal- it seemed unrealistic.",
1,Satan's Life,"I actually found Satan's Wife (USA) (DVD title) (1979) film quite entertaining by distracting my attention from what burdens or distresses me (Old Latin, seafood, pending legislative activity and George Walker Bush). Had anyone other than John Phillip Law (Danger: Diabolik! ) played the role of the Exorcist, I think this film would have collapsed.The plot has more than its share of weaknesses, which is common among films involving Italian Exorcist rip-offs (especially those containing Satanists, occultism and Female nude scenes) --seriously, just go back to the day before it all occurs and deprive Satan of power!) and it dragged on a bit towards the end, which I found very unsatisfying. It's still worth a look if you're in a demonic possession mood but it's more Italian devil scandal than Exorcist.Maybe in the 70's it was a good Exorcist-copy film but not now, now it's just late '70's shoddy devil madness.",
1,"If you want action, dont read this","If you want a book that keeps you on the edge of your seat with action and plot twists, then read a comic book. This is one of the slowest books I have ever read. It is one of the best books I have ever read. It is truely chilling, how close this book mimics reality. Free speach may not be outlawed here, but when the news media is outraged at someone who is prolife.. or when a TV show has to have either sex, violence, or very rude humor to get good ratings.. or when the most improtant thing on the new is the presidents love life.. it really makes you think about just how close we are to the world F451. Many people hate this book because it is so boring, but i think it is good because it doesnt rely on speedy action or witty catch phrases.",
0,Bad Lieutenant,"Terrible movie from beginning to end, I stuck with this to see if it would get better but no! two hours later I wished I had gone out side and washed the car",
0,Diapers arrived pre-used,"It seems virtually impossible to just contact Amazon and tell them there was a problem with my order without writing a review or packing up the diapers in the huge box, printing out a mailing label and returning them. The diapers I've been ordering monthly (Subscribe and Save) for a long time came and when I opened the plastic packing, they appeared to have been pre-wet. They had that crunchy, beady texture that diapers get when they are exposed to water. Of course, the whole reason I have them on order monthly is because I need them regularly and these came just in time-- I had run out of diapers. I have 3 kids, 3 and under and I can't easily get to the store to get more diapers so I had to use these gross diapers on my daughters AND now I have to return them to get a refund?? Something is broken with this system.",
1,Intriguing and Heartbreaking,"This classic novel about a young girl's pain and heartbreak continues to reach out to readers of all ages, after 35+ years. Greene's story of impossible love, between a Jewish girl in the American South and a Nazi prisoner-of-war, endures because of its timeless theme.Patty's touching story crosses all barriers. Although this story was intended for middle-grade readers, it is equally appealing to teens and adults. It is one of my all-time favorite historical novels, and I will never tire of re-reading it due to its powerful testimony to unconditional love.Sarah Bruce KellyAuthor of THE RED PRIEST'S ANNINA",
0,Yawn! Wake me up at the end.,"I was excited to come across Lene Gammelgaard's book as I love to read about women who share my taste for adventure. Imagine how disappointed I was to find that Ms. Gammelgaard could not write about anything outside of herself. Yes, I know it is a personal account of climbing Everest, but her trip was not a solo ascent. From her account though, you would think no one else was around. Okay, perhaps that is a slight exaggeration, but I was pretty tired of Ms. Gammelgaard far before the end of this book. Additionally, her writing style is quite disjointed and distracting. I find it difficult to believe the claim that she has ""been a journalist,"" unless you understand that to include anyone who has, perhaps, simply kept a journal.If you want to get a feel for being a woman and climbing, better to try Stacy Allison or Ruth Anne Kocour. You will get much more rich detail from either of those, along with more of a sense of the community of climbing.",
0,Total waste of money,"The developers at Eidos really blew it this time. The game is so full of bugs it makes me sick. First of all, the box says nothing about laptop compatability problems, but upon checking the Eidos tech support page, you learn that they won't support laptop systems.Anyways, I installed the software on my desktop. The game crashes every several minutes. I have installed all of the newest drivers and my computer excedes the recommended hardware profile in every way. Gameplay is tolerable, but nowhere near as good as I had hoped it would be. In fact, Chronicles was more fun and was more of a challenge.I ended up returning the game because it is not only not worth the money, but it is also a waste of time. If you do take the gamble, make sure you buy this game from a store that accepts software returns. Good luck!",
1,This book is like a gently flowing stream,"I think each part of the story doesn't effect me a lot, but after reading the whole story, they combined all together to make me feel something strong inside of my mind. I think it is a very sensitive story.",
1,Fair deal,Price: goodSize: very goodRange: fair (some noise when there I'm in another room)Battery life: good,
0,THE HAUNTING,ALL I CAN SAY IS SEE THE ORIGINAL WITH JULIE HARRIS. SO MUCH BETTER THAN THE NEW. THE NEW DEPENDS ON COMPUTER EFFECTS. WHICH WERE PRETTY COOL. BUT DID NOT SAVE THE MOVIE FROM ITS DOWNFALL. ITS LACK OF STORY WAS LAME.NOT SCARY WHAT SO EVER. SEE THE ORIGINAL. YOU WONT BE DISSAPOINTED.,
1,Not only a page turner but a lesson teacher too!,"I recommend this book to everyone:children, young adults and adults. It is not only a page turner but a lesson teacher, too. The book is about a young adult named Kit who leaves her fancy home in Barbados to live with her aunt and uncle in Weathersfield,Conn. She is not only put on trial for a witch, but a man she does not care for picks her to marry him. Will she be hung for a witch or have to marry the man she dislikes. I am not going to tell you; you will have to find out for yourself.",
1,Must have!,"This DVD is a must have for anyone who is going through childbirth...your birthing class may not explain things with this much clarity and detail (I know my didn't). I learned a lot about breathing, and controlling your breath, and although I am not planning on using drugs through labor, I thought her section on medical interventions very useful.",
0,Is Musiq losing his touch?,"This by far was the worst of the three albums from Musiq. It definetly does not live up to the traditional Musiq style that I am used to. The lyrics are ok, but the beats are not as tight as the first album which was by far the best. Or even the second album which was not as good as the first but it was ok. It seems like with each album Musiq's rhythms start to wander off. Musiq is known for his beats, rhythms, sounds and mezmorizing words in his songs. Did he get new producers or something? If so he needs to go back to the original ones because this album is the worst by far. Musiq I know you can do much better!",
0,Not very readable inspite of interesting subject,The subject matter is very interesting and the research was obviously thorough but reading it is another matter. I am afraid I just couldn't keep making myself plow through it. It surprises me that this was the Oregon Reads selection. You would have to be a truly determined reader already to get through the endless detail and absence of warmth or color in the writing.,
1,Paul Hoover's book is a wonderful compilation.,"The poems in Totem and Shadow, especially the newest work by Hoover, are so strong that style seems to drop away, as complex truths are given to the reader. This is a poetry of great intensity and brilliance.",
0,Family Bonds,"If you're an adoptee or birthmother, don't waste your money on this narrow-minded view of adoption. Bartholet has little to say about birthmothers! When she does mention birthmothers, she seems to view them as inconsequential baby machines. No empathy in this book!",
1,Beautiful product!,"I've reviewed a couple of other Waechtersbach items, and I'm quite happy with these as well! I have only two minor complaints. First, on these, the glaze seems to be scratching (utensils?) more than the other Waechtersbach products I have...my plates and cereal bowls aren't doing that. Second, all four of them had a funny little bump on the outside rim...it looked identical on all four. Maybe a slight manufacturing defect? The glaze is slightly darker around the bump, so you can see it, though it's not overly obvious. But overall I love them - they're great for soups and pasta (spaghetti especially). They're holding up quite well in the dishwasher, too - no chips or cracks, despite how they sort of lean against one another. Very pleased!",
0,Title is a Scam,When someone is intentionally deceptive in order to sell books or to capture an audience this lowers the value of what they have to say to absolute zero.,
0,great american spice company,"stay away from Great American Spice company. They don't answer their 888 number, local number or emails. They have been investigated by their state attorney general for not shipping items. They settled.If they don't care about their customers ask yourself why should you buy from them.",
0,Huge talents in a poor poor movie,"Awesome special effects, great set, and a group talented actors,but the film didn't reach expectations. The script and story was so bad that not even Entrapment's Catherine Zeta Jones, and Episode I Liam Neeson couldn't save the movie. Sometimes the movie gets interesting vand you get into it, but that's just a start, the ending messes up the movie.",
1,Worldview grounded in scripture,"""Creation Regained:Biblical Basics for a Reformational Worldview"" is not your typical worldview book. It comes at this issue from a particularly Reformational angle. What does that mean? He grounds his thesis in the way of looking at the world rediscovered during the Protestant Reformation: creation, fall, and redemption. When we consider life everything is considered from this biblical viewpoint. What Wolters presets is a great introduction to three points that can radically change the way we think and live. If you are looking for a worldview book that is heavy on applicable, biblical content rather than a rant about how the world is going to hell in a hand-basket this it the book for you.",
1,"Charmed, I'm sure...","This is the fascinating story of three generations, with a midwife/herbalist grandmother, her single mother daughter, and her bookworm granddaughter. The grandmother, Charlie Kate, is a fascinating, well developed character whom the reader cannot help but admire (she reminded me strongly of the aunts from Alice Hoffman's 'Practical Magic'). Somewhere between a medicine woman and a psychic, she was nevertheless predictable, in that she hung around until her daughter and granddaughter's lifes were fixed and then she died. Terribly predictable, but sparkling with its descriptions of WWII Raleigh and the life of an herbalist/midwife. The book leaves you wishing for a grandmother like Charlie Kate and a suitor like Tom Hawkings III. Good easy read- would make an especially good winter read, curled up in an armchair in front of a fire, covered by a cozy throw, sipping a mug of homemade cocoa.",
0,Not for XP,"I have a 1.7gig P4 running XP and found this product to be very unstable which is a nice way to say it doesn't work. The hardware would always hang my computer no matter which software I used with it. Also a note to their clueless tech support, my Maxtor hard drive was the cause for the sound and video being out of sync, when I reinstalled XP using a Western Digital drive the sync problem went away but not the instability. Believe Microsoft when they say use of an unsigned driver may make your system unstable.",
0,Netherlands?,"If it is called Hard Wired in Ljubljana, why was it recorded somewhere in the Netherlands? Ljubljana is in Slovenia--a country on the other side of Europe...",
1,Less expensive here than elsewhere,"I was worried this adapter might be different than the others I have seen on the internet or in stores, because it was about $20 less than what seemed to be the going rate. Have no fear, this is the one that will work with your Tivo.It was easy to hook up - just plug the USB into your Tivo unit and follow the setup instructions (on screen in the Tivo Setup menu); I was up and running in about 5 minutes.Signal strength is a little bit less than what i get with my new laptop - My new laptop gets about 65% signal sitting on my bed, this gets about 53% from the same room. But, it's certainly acceptable for downloading program guides and swapping shows with my other Tivo. With a wireless-g network I can transfer an hour TV show in about 15 minutes, and much faster than real time. If I wait about 30 seconds to start playing after I start transferring, I find that I can FF through all the commercials.",
1,The One and Only... MS. JACKSON (If you are nasty),"This DVD is one of my all time favorite musical DVDs. Miss Jackson proves why she is the highest paid singer in the industry. With a combination of costume changes, great choreography, Janet's greatest hits, and a sold out crowd at Madison Square Garden, the DVD makes for an excellent night of entertainment. I only regret that I was not able to see the concert in person here in my home town due to a cancelation of the concert;however, the DVD is definately a suitable substitute. I highly recommend this DVD to any fans of Janet, lovers of music, and owners of quality DVDs.",
1,HAPPY,the discs all worked well and the case was in good shape. the retailer was very helpful in shipping it to me.,
1,Works out of the box with Tivo HD-XL and Tivo Series 2 DVR,Recently bought the Tivo AGO100 wireless adapter. Plugged it into my TiVO HD-XL recorder. Followed the on-screen instruction to connect to my home network/internet. Just worked out of the box. Less than 10 minutes to get connected and start using the network services (able to stream netflix movies and other features). I also plugged it into my old Tivo Series 2 recorder and it also worked. The price was lowest on Amazon and ordered a two day Amazon prime delivery. Amazon surprised me by delivery it one day! Great service andgreat product so far!!,
1,a good deal,Alot of people have complained that this could not possibly be the entire first season of the show but it is.... Even if the show had such a short first season it was still a really good deal. It arrived right when it was supposed to and it's a pretty good aswell!,
0,"Horrible Moral, Very Sad","In this book, Davy does something bad and has to make amends for it before his mother gives him a loving hug.As a mother trying to teach love and forgiveness to my young son, I was horrified at the moral of withholding love from a child to ""teach"" a lesson. The book is off our reading list and in the trash can.",
0,Shares several track with Everything I Need. I prefer Everything I Need instead,"While this album isn't bad, several of the songs also exist on the Everything I Need album. I own both and in my opinion, the Everything I Need versions of these songs are much better.",
1,The Bollox,"The best ""dance"" CD I've heard since Leftism. Excelllent lyrics, kicking ragga and bhangra bass; good, trippy guitar work, fat riddims and skankin' dub. This record completely captures the political mood of the new century. I am extremely impressed and shall be buying other ADF soon!",
1,great!,"i had to read this for my college english class. i'm not much of a reader of the classics, but i was surprised by how much i like this book. an incredible use of satire and wit.although, i will say, i know i wouldn't have gotten as much out of it if it wasn't for the class i was taking. i still found the story and voltaire's implications quite enjoyable.",
1,All opinions,"I really enjoyed reading this book and felt like I got an insiders look into SNL. The book allowed everyone to say their peace and give their side of the story. It was interesting to see all of the dynamics from the executives, to Loren, to the writers and the actors. I felt like i could really form my own opinion based on the testimonies of the people involved. It was an easy to read format with little blurbs from each person involved in a particular topic/cast/year. The writers would all a paragraph here and there to help transition between topics.",
1,For the youth workers out there,"To all my fellow youth workers out there- this is a must see!!! Very honest film, tells it how it is, no sugar coating. You can use it as a tool to explain to the older generation why the youth are acting the way they are, and why they are so put off by organized relegion- and what they can do about it. Must see for parents of teens/students who want their kids involved in churches and faith communities.",
0,Very disappointed,"My kids both wore Pampers. The last few times I've bought Pampers for my youngest they fall apart so easily. He doesn't even wear them that long before he has stringy diaper hanging off. I tried to chalk the first box off as maybe its a defective box or that he is so active. But after 3 boxes I know longer believe it. It doesn't leak, but just seems to fall apart (hard to describe) no matter if he's worn them for 5 min or longer. I can't wait until he is fully potty trained so he won't need them anymore. I am very disappointed",
1,Threesome with tanks,"Supposed being victimized by local communist regime and Soviet oppressors since August-1968, a skilled surgeon changed countries and jobs like surgical gloves he did at hospitals.No wonder, sex is a fix for such a lucky, and marriage to a beautiful adorable woman stopped a character with Southern European rather than Slavic appearance a little.Extended up to 165 minutes of screening, romantic tale with some near-porno inclusions is a bit more over-positive and over-entertaining than its final collapsed in.Well, movie spirit seems being similar to ""A Beautiful Life"", ""Producers"" or, more recent one of Levi's Hitler-as-a-comedy-hero, of what optimism and humoristic style used to depicting the tragedy serve well cinemagoers seeking a relaxation only.",
1,Great book.,"Let me preface this review with the statement that I was supposed to have read this book years ago, when I was still an English Major and for some reason or not I never got to it. I now understand why it is considered a must read and classic. Its a great book with such insight to our culture that I now regret greatly not reading it sooner.",
1,One of the best,Anyone who likes Limp Bizkit and Tool but suspects that these guys are basically talentless screamers needs to dig up System of a Down. Intelligent metal isn't an oxymoron...here is an abulm that shakes your bones while stimulating your mind. Amazing.,
1,A Great Pop Album,"I became a fan of Clay while watching American Idol 2. On his debut CD, he has shown the world that he is not just the ""runner-up"" but a true artist. His first single ""Invisible"" is very radio friendly and has a great tempo. Each song shows off Clay's incredible talent and no one can deny that. I would have to say that this will silence any critics out there. A great POP album overall!!!!",
1,4 STAR SERVICE,Awsome Book highly recomended for those intrested in reasing fine literature however those weak of heart it truly is a sad story and shows the cruelty of humanity for those in George's positon however I truly recomend the book for anyone,
0,Be careful.....,"I bought this movie because I heard and read good things about it. Maybe these reviews were all written in the 60s who knows. Personally, this movie is overrated and the ending is just awful. I gave 2 stars for the simple reason that Mia Farrow is stunning.",
0,A note to the coffee lovers,"I've had a few of WP's coffees before, which were fine. This medium light roast I purchased recently ""Tuscan breakfast"" was undrinkable. Yes, it smelled fresh and robust. Thats where the kind adjectives end. I brewed 2 pots of this acidic, bitter, and harsh beverage that I wouldnt wish on anyone first thing in the morning, before deciding to spare you all the same fate... A better name might have been ""Industrial Byproduct"". Of course, some people feel thats what makes a REAL coffee. But if this came to a my table at a restaurant, I would have been, to say the least, dissatisfied.A little side note for those purchasing this or one of the more acceptable blends... the bag is a nightmare to open. Save yourself the frustration and grab a scissors. Cut the whole top off which seems welded together down to the wire wrap.",
1,The Man Was a Genius,Humble genius he was. I loved this autobiography and wish that he had covered more of his involvement in politics in and the American Revolution.,
0,disappointed,"I can't share the enthusiasm of my preceeding reviewers.In my opinion, this is a book for advanced fishermen, who already know about fisheries ethics, or don't care about it. The book doesn't cover important aspects such as selective harvesting (how to keep damage on fish as low as possible so it can be released again) or treatment of fish, once it's caught (swift killing, keeping, cleaning).Two thirds of the book are about baiting, with major chaptors on how to use life bait such as small fish, salamander, frogs. However, the author completely fails to address ethical concerns about this technique(""replace your bait frequently. When a frog tires and stops kicking, it is much less effective""), a technique that is actually forbidden in some countries because of the cruelty involved.",
1,Well deserving Superstar.,"Clay Aiken is one of the most talented singers out there. Not only does he have a voice from heaven but is an all around nice guy. What I love the most about this guy is that he's not afraid to be himself. He doesn't follow the fads and raunchy behavior the music industry is so used to. Clay is so unique, refreshing and is a joy to listen to. I am a fan forever!!! I absolutely love his voice, music and of course the man.",
0,Not satisfied,"The air mattress was good only for one day, after one day it started deflating and I have to inflate it every night before sleep. By the time I wake up on it the next day it has become like a water bed since it has deflated. I cannot find the hole from where it deflates.",
0,Bad thing,"The fabric is very common, the finishes are really bad, the mask was broken the first time, the layer has no seams, the fabric also is leadership, not what I expected.",
0,comment on previous user,i think the person who wrote the review from united arab emirates has nothing better to do than to criticize people get a job for heavens sake jesus christ superstar anichak bidoon tufaal,
0,Why they did this,Robocop 3 has to be the worst possible movie in the series. While the first and the second had great humour and quite gory action sequenses the third installment hasn't got any of the critsism against the corporate world and the plot of the movie is simply rubbish .The film is made for kids and the flying Robocop just makes you wanna cry .I gave one star just because Basil Poledouris great theme is back from the first film.,
1,Great product,"This is a very good product. I begin use this evening creme, about a month ago and i can already see some subtle improvements on my skin.",
0,Really - Read the reviews.,"I read the reviews and still bought this and the shed for my bob the builder fan. This stuff really is terrible. My son wanted over and over to build the house as shown on the box - it can't be done.You just can't build anything - not even the face of a house. Not even because the magnets do not hold but because there aren't the right shape bricks.He uses the bricks now as Skip's load but surely there are cheaper things for Skip to cart around! Also the Bob the Builder Shed is terrible - I super glued it together in the end as if you just touched it, it fell apart. The vehicles and die cast characters are A+++ but the other stuff is utter rubbish. Get Wendy and Bob on e-bay!",
0,Not Shemp!,"Half of these feature Shemp instead of Curly, which nobody wants. The second disc is only cartoons, which nobody wants. So really you're only getting a couple decent episodes for your money.",
0,It's just a nice to OK documentary,"It's disappointing to say the least. I'm not sure what Suzzette Phillips is talking about in her review, but on my version the classic album rumors isn't on my dvd. (And nowhere on the disc or packaging does it say the album is contained on the disc. Possibly, there are two versions? Anyway, 75 minutes of interviews about each song, and vintage footage each lasting about 15 to 30 seconds. Nothing new is on here that you haven't seen on any other documentary. It would be great if they played the vintage live selections in their entirety.",
0,Dean Koontz's Frankenstein,"I imagine this is a very creative book written by Dean Koontz, and I loved his Odd books. This book is just too dark for me, too brutal, too mean. I wanted to keep going, but there is no point in forcing my psyche to undergo things that make me too uncomfortable. Although it isn't for me, if you don't mind pretty dark books, you might like it.",
0,Disappointed,"My wife and I are huge Clay fans. We were both very disappointed in the songs on this CD, with the exception of the title song. The background percussion was often overpowering. We also didn't like the ""boy band"" type songs on this CD. The only thing that is positive about the CD is Clay's amazing voice (to the extent it can be heard over the background noise)! We hope Clay's next CD will be produced by Neil Sedaka and focus on Clay's wonderful voice, with only minimal accompaniment.",
0,i'd rather pour acid into open cuts than buy this cd...,"i strongly recommend that anyone who ever considered purchasing this cd, spend your 15 bucks at arbys, because this cd is garbage. i used to love clay aiken, i even voted for him, but his ego is too large for my liking. this cd honestly would only appeal to deaf people, merely because they wouldnt be able to hear it. i almost fell asleep listening to it, every song is the same. maybe clay should consider flipping patties.",
0,The most overrated movie I have ever seen.,"Maybe I am just too young to get it, but it was not scary, not clever, and just not good.I watched the movie anticipating that it had to end well, but the ending made the movie worse.This is my first review. I just had to speak out against this movie.",
0,A movie or a music video??,"What is it where a director has so little confidence in his own work, that he has to fill in whatever blanks he perceives with incessant music?? I mean, it is non-stop music throughout almost all the movie. When you find yourself fastforwarding to get to the meat of the story, you know you have a loser.",
0,Ick ack. Put it back.,"I absolutely couldn't stand this book!I'm not understanding how it's sexy for a woman to give up her friends and life for a guy who wishes to control her completely. The Don was a jerk. Nicoletta is an awesome heroine in the beginning, but turns into a submissive wifey thing by the end. It's a sad thing when a woman, to paraphrase an actually part of Nicoletta's thoughts, ""leaves her old life behind because he'll never like it, and because she just HAS to"". Eeeeew.I loved the Dark series, and constantly used to stalk the bookstore waiting for the next one. This one was the beginning of the end of my love for Ms. Feehan's work. I bought it to tide me over from one Dark book to the next, and it made me so angry that I wrote the author and got into a big argument over the book!Please, please, please...read something in the Dark series, or Emma Holly's Upyr series. You'll be a lot happier.",
1,"Has Streisand stayed too long at the fair? NO,NO,NO.......","Hello People.I had the guilty pleasure of seeing Streisand in Atlanta on Nov 2,2006.I flew form Dallas to Atlanta and i would do it again,I was part of history,some of you people just kill me with your mean sprits,Barbra is barbra none of us are the same when we were in our prime,why not be glad and happy she's out there singing,why must we a people always compare,if your a true fan you will just but the cd and support her,and Mr.Gavin j Mcleod I know your mother taught you better then that but as Barbra has she before it easier to CRITCIZE then praise.come on folk's rise above.The Cd is awesome let's enjoy her and her music ok? OK.God bless you all and remember wouldn't it be wonderful,If we could all be a little more gentle with each other,and a little more loving,have a little more empathy,and maybe,just maybe we'd like each other a little bit more..........Rock on Barbra Srteisad your the best,and Thank you for all the year's......",
1,OF COURSE Jennifer Love Hewitt isn't Audrey Hepburn.,"But she does a damn good job. And it's obvious that she loves the role and the opportunity to have played her. The negative reviews she's gotten just aren't fair. She certainly gets points for attempting this, and if you'll give the movie half a chance, with an OPEN MIND, she might just prove to you that she's a very good actress.If you're expecting Audrey, or wanting to compare the two of them, that's just not fair to anyone. I'm glad to have seen the story done so well.",
0,"Restored? Not!!!! DISCOLORATION, POOR SOUND, FLECKS IN THE FILM!!!!!!","This movie was not restored! It is the same quality and sound as the DVD I purchased from the dollar bin at WalMart several years ago! What a disappointment! I would like to return it, but I am guessing that since the bluray is open Amazon will not take it back. The special feature lasts one minute tops. I can't understand why they would release one of the best movies of all time in such terrible condition.",
1,The days of Summer,"Kindergartener Jo-Jo and Fourth-Grader Nora are shocked the last week of summer when their parents tell them that Grandma and Grandpa are getting a divorce. They're worried about not seeing either of them again, and other changes that could happen. When the girls visit Grandma's on Sunday, Grandpa isn't there. But they talk to Grandpa on the phone and find out that he'll still be around on holidays, they'll visit him in his new apartment, and he's getting a pet. Read how the author, Eve Bunting, deals with a possibly upsetting family problem. This could be helpful to any children who have to deal with divorce. The colorful illustrations sensitively portray the seriousness of the situation and the whole families' struggle to come to grips with it.",
1,Workout CD,I don't really remember what's on this one. I purchased to install in my MP3 for walking/jogging and it's fine,
1,Chelonian Theology,Nobody can discuss serious philosophical issues in hysterically funny ways like Terry Pratchett. Small gods is as intelligent exploration of theology and people's relationship to religion as you'll find but if that's not what you want to take from it you'll have a great time laughing through the book. The Turtle Moves.,
1,Struck by this movie!,"I saw Moonstruck the first time at the cinema in 1988 and I loved it immediately;it'a a great picture that brings you to figure out how much we miss today, flicks like this one. The story is about an italian-american family who is involved in the wedding of Loretta,a forty age woman played by a stunning Cher. The event is a chance for every member of the family to come to terms with their own lives.The script is delicious and the performances of all the actors is great,especially Vincent Gardenia in a grotesque character of the unfaithful Loretta's father and Olimpia Dukakis in the shoes of the strong and understanding Loretta's mother.Watch it,you won't waste your time!3 Academy Awards winner:Best Actress (Cher),Supporting Actress ( Olympia Dukakis) and Original script.",
1,beach boys and the satan,a totally off and enjoyable movie. All Brian Wilson fans should see this movie.,
1,farm animal stamps,looks nice. i purchased this as a gift & it has not been used yet. so i can't really rate it.,
0,I really want to like it,"I really want to like it. It is certainly better than the Huggies I bought before but the quality is no where close to the pamper's cruiser we have been using. It is good if you knew you will change diaper frequently as it will hold just one pee then start to sag. I haven't run into any leaking issue yet as I now use it only when I knew my baby will not stay with it for long. We use it as temporary diaper that is why I still give it a two star rating. It is cheaper for more diapers, you get what you paid for.",
1,DHGM,"CLAY IS THE BEST I'VE HEARD IN YEARS. I just love his voice. It's clear and he sings soooooooo well. Love his album. I'm sooooooooo happy he sold over 600,000 in a week. Wish him the best in the future. I excited for him to do another album in the future. His voice is the best.",
1,Gives me chills,I don't think this story really needs my review. So many people have already said everything that needs to be said. All I can say is when I was done with reading this story I felt a trembling deep inside of myself that never fully went away. There is a terrible truth here that needs to be seen.,
1,MORE THAN LETTERS...,"I admit that I bought this album for the title track alone. After all, had that been the only good track on this CD I still would have felt that it was worth my money.But the title track is just the beginning for this fine country offering by John Michael Montgomery. I found myself listening to and enjoying every track on LETTERS FROM HOME. Montgomery's smoother-than-silk voice is one of the finest in country music today and his straight-forward approach to his music comes through in every note. You won't want to miss this one.THE HORSEMAN",
1,Classic flick with all the trimmings,"Its hard to say that this movie was awesome, but it was close. I enjoyed the performances of the actresses more than the plot. AS strange as this may seem, each of the stars, possed skills that set them apart from the others. Anita Mui gave an outstanding performance with her talents using the sword. Not to say that Michelle Yeoh and Maggie Cheung gave there best to make this movie a classic. But the movie dragged at points. THe women made the movie worth the view!",
0,Not impressed,"My husband bought these by accident and I was glad to see them go. We normally use Pampers Swaddlers and Pampers Baby-Dry do not come close to comparing.While using these, my daughter had a few accidents (I will be fair and say that a couple of those could have been as a result of human error) and they do not appear to be nearly as durable.Unfortunately, I would not feel comfortable recommending these... spend the extra money and go for the Swaddlers.",
0,Headphone Jack Problems,"The headphone jack on my Zen Xtra stopped working day 40 (1st day on a 7-day cruise, no less!) While Creative did replace the unit, why haven't they recalled all Zen's?This is my second Nomad -- I had a Nomad 2.0 20GB, but it's screen stopped working. Creative refused to repair unless I paid $105, so (silly me) I bought a new unit instead.Never again, Creative!",
0,"Weird, Uncomprehendable Book","This has to be the dumbest book I've read. It has riddles and rhymes that totally don't make sense. I know I would rather read real poetry and literature, not this. I don't even think that small kids would like this confusing book.",
1,Brilliant!!!!,"This book was hilarious, and the concept was so true. I could see my friends in some of the characters.It seems that Shaw just couldn't resist showing us how crazy the human condition really is by his works that always include funny yet absolutely true twists on things, and his twist on the Don Juan tale is one of his best ones yet.This story was smart and funny. I loved it and wanted more when it was over. I'll have to buy another one of his books. I just love his style.I can't resist any chance I can get to peek into the mind of a genius, and Shaw was a true genius. This story was delightful and brilliant.",
1,20 Questions,I bought this for my daughter who had mentioned her friend had one and it was a lot of fun. She was immediately fascinated with it. I am considering getting her another different one from the same place. Lets just say anything that keeps one thinking is good!,
1,80's High Tech with Rock Emotion,"Although all of Mr Hines work is high quality, Waving Not Drowning (for me) is the highlight of the 3 A&M projects. The song ""Curious Kind"" is simply a masterpiece!The remastering is of the quality you have come to expect from one of Rock's greatest producers, song writers, and performers.GET IT!",
0,The worst rap I ever Heard,This is what is in the dictionary under wack. I can't belive that this many people bought this (...) The hot boys are just a fad like bellbottoms. (...) If you think this is what rap is about u just plain stupid and I'm glad this hot boy stuff is almost over wit. When some of my friends play this crap in the car I just rather get out and walk.,
0,Strange fit,I have big legs and legs on this were too big while the waist area too tight even though I followed the instructions. Had to return it.,
0,Chinese-made piece of junk,"When I bought this foot pump I wasn't expecting much of it, given the ridiculously low price I paid (less than 10$). However, it turned out to be even below my expectations: there is no way it can reach its maximum rating of 100 PSI since it can barely handle a bicycle tyre. This really confirms that what you pay is what you get! I guess this is the kind of product that really needs to be seen -and felt- in order to assess the quality of its construction.",
0,didn't work for my dog,This seemed to have no effect on my dog. He has severe separation anxiety and nothing seems to work. Oh well.,
1,Excellent!,This is a great addition to the Stargate universe. You see all the favorite characters and get an actual end to an on-going storyline. I enjoy it a lot.,
1,THE MOST BADASS BAND ON THE PLANET!!!!!,"THESE GUYS JUST GET EVEN MORE DIRTIER, NASTIER, HORNIER, DRUNKER, AND JUST PLAIN F$#%ING GROSSER EACH ALBUM!!!!! SAY SOMETHING DIRTY IS SOOOOOOOO GREAT, IT GIVES THE IMPRESSION YOU'RE LISTENING TO SOME CHICK GETTING HORNY WHILE A GUY BEATS THE S$#T OUT OF HIS OLD MAN!!!!!!! I PLAY THIS ALL THE TIME MY GIRLFRIEND COMES OVER, AND BELIEVE IT SHE WANTS ME TO SAY SOMETHING DIRTY!!!!!!!!",
0,Disappointing and dangerous,"Like every other Mac user, I think the replacement power cord with the bulky, cumbersome block is overpriced and less than durable, so I decided to outsource. What I got was never quite up to speed, but since my laptop mostly stays plugged in, the quick charge wasn't a must. Unfortunately, after a scant 8 months, with very little movement or unplugging (I've packed up my laptop for travel exactly twice in that time), the power cord has given out. There seems to be a short between the wires, with the hazardous side effect of causing random sparking at the connection between the computer plug-in and the wire. Needless to say, I'm not going back to this product!",
0,"Like a train wreck, you want to look away, but you can't.","I picked up Beauty & Submission on a whim, after reading the back cover. I have recently begun to read a few BDSM and thought this book would help broaden my knowledge of the submissive aspect. I was disappointed with the outcome.I thought the book held more issues with jealousy and swinging than the day-to-day life of a lifestyle submissive. I also thought that the slave seemed to switch between a dominant/submissive role. There were quite a few references to watersports which were personally not my cup o' tea, as you might say.I did not enjoy all the pages where she ""quoted"" from her other novels. I believe the book would have been half the size if these would have been cut from the copy. It felt like an attempt to sell her other books.",
0,audio options non existent,"While the movie in itself was better than i expected what i didnt expect was the ""non existent"" Thai soundtrack. While the option was on the disc menu (as well as stated on the package) the Thai soundtrack does not exist. No matter what you choose, Thai or English, English is what you get and while there are some exceptions most dubbing is ridiculous at best and the dubbing on this title is sub par. While this review covers only the first movie of the two the other may remain in plastic never to see the inside of my dvd player. Its a shame and a sham when you purchase what claims to be original and is not. Very disapointed in this offering from Tokyo Shock.",
0,Awful,These diapers are terrible. I'm not sure the diapers in the box are actually Pampers. They leak--and not just out the legs or up the back. Right through the part of the diaper that is supposed be the most absorbent. The box says they are good for 12 hour overnight protection--a joke. Maybe three hours. Every time I've used these overnight my baby (14 lbs) has woken up soaked.,
1,Absolutely Fascinating,"This book sat unread on my shelves for a while, and now I can't believe it didn't actually leap off the shelf into my hands to MAKE me read it; it's so utterly fascinating and engrossing that I haven't been able to put it down. I was expecting some dry history and feminism; this is a fascinating first-person portrait (or rather, five first-person portraits) of political struggle, social norms, everyday life, and revolution from the writings of five very literate, engaging writer/revolutionaries.I hardly know how to review a book like this (since I can't talk about plot or about structure of arguments, as it's first-person memoirs), but it's been among the most worthwhile 250 pages of my reading life.",
0,This thing SUCKS! I went through 3 of them!!! Waste of money. Do NOT buy this,"I went through three of these, neither one of them would maintain the air pressure and would slowly deflate. This occurred within 2 uses for each of the 3 mattresses i had. I considered maybe the person sleeping on it was too heavy, but alas, the person is 210 pounds and the weight limit is 300, so that wasnt it. I thought maybe it was punctured, but if it was the person would have awoken on the floor instead of on a supper jeloutnous rubber blob, so that was not it either. What conclusion left is there- this thing sucks and doesnt maintain the air.",
0,"Wow, what a letdown","I thought this movie was going to have an incredible plot - All I wanted was to be able to go home and watch a really bad movie. This movie was different. It went beyond the limit of manass. It would have been better with Chuck Norris- 10 TIMES BETTER. ""Sun"" should have had more speaking parts where we could get to know her better. Next time, see Cyborg 2 with Angelina Jolie instead.",
0,rip off,no place in the ad does it say the use of this depends on the radio stations in your area must belong to their service for this to work none in my area of south west florida seem to least of all my favorite stations and it seems that the music you listen too must be of the lastest out or there is no info on it or where you can buy it so yes i feel like i got ripped off ... thank you sony,
1,Excellent aviation movie,"No it doesnt have A list actors in it but some are recognizable. The plot is entertaining. What makes this move a must see is the dawn of avation and combat tied into one movie. If you even remotely have an interest in military aviation, buy this movie.",
0,garbage,"Transformers the Movie (1985) was awesome. But these Transformers look like a pile of garbage throw together. The CGI animation makes everything look like synthetic barf. The Transformers movies need a reboot, where the characters actually look like they are supposed to. And without the worlds worst director Michael Bay. Disgusting. Don't let your kids watch this atrocity.",
0,Great idea...bad support,I bought the Sony E-Marker because I thought it was a great idea. I am the type of person who does not remember who sings what and the title of songs. I was estatic when I received it in the mail and could not wait to start using it. To my disappointment when I went to download the driver I found out that it is only compatiable to Windows 98. I am currently running Windows ME. I tried to contact emarker for support with no luck or response. I have no idea when an update will come out so basically I have a product that I would love to use just sitting on my desk taking up space.,
1,Good old-fashioned rock and roll...,"This is one of my favorite CD's. Noel Gallagher knows how to write a song, and Liam's sexy voice brings them to life. Tracks 1-6, and 8 are the only tunes I listen to, however. Be Here Now is not one of those rare CD's you can listen to without skipping around. But, the songs I like don't get tired. If you want a hard-rocking version of The Beetles, buy this CD. If you want sensless lyrics with synthisized beats, check out The Backstreet Boys like everyone else.",
1,It was better in the movie,"Well, it was very romantic and very imaginative, totally complicated and fantastic to analyze, very emotional. I'm touched deeply with Shakespeare.",
1,Unevenly Fantastic,"This album has some of the most fascinating,bizarre sound at some points and other songs are flat out boring. Si Senor The Hairy Grill being the masterpiece of the bunch with an organ biuldup to an amazing crescendo of screaming guitars (or is it just screaming?). Dr. Van Steiner, Goldrush, the latin~tinged La Habanera, and to a lesser extent, Oh Yeah, are all fine, and incredibly inventive tunes. Shirley Bassey is great in the Rhythm Devine, but the rest is a tad blah. Still worth it for all the greatness, and was a must buy for me as I used to have it in the 80's and really missed it. Jamming out to Si Senor was worth it all.",
1,Soon to be your kid's favorite,"As a Chicagoan, I am so proud to boast about Ralph's World. These songs are witty, catchy and have great messages. My one year old daughter just loves listening to them in the car. When Tra La La comes on, she starts singing ""la la la."" My husband cracks up at the song about the eighteen wheeler every time. The only track we don't like it is Harry's Haunted Halloween Circus, but it is easily skipped.",
1,Great CD,"Definitely my favorite band. We saw 4 hits come off this album, and I can't believe they didn't release any more.",
1,fascinating facsimile,"Great historical reference text full of recipes for food (some of which we would now consider very odd), ways to clean things, sermons on morality, and other tidbits by a woman who was very progressive in her era.",
0,tedious reading,"I minored in Spanish, was an exhange student in Madrid and embrace many aspects of Latin culture and devour lots and lots of Latino and Hispanic Lit. The idea for this book had so much potential, but the novel just doesn't work. It's hard to believe or get into the voice of the narrator, Claire, an adult young woman character because she comes off girlish, shallow, and wholly boring, and the Latina characters were just too superficially written to retain my interest and were unbelievable because they lacked depth and human oddities and characteristics that make characters in literature so memorable. The women either come off too saintly to believe or stereotypical. The concept for the novel was great, but the writer fails because this novel doesn't have ironies, interesting drama, complex personality contradictions within the characters, a fresh or provocative writing style, believable epiphanies, or any treats the reader can take away with her/him.",
0,NOT 75 CM,"just bought the 75cm Go Fit Proball. It was delivered quickly; however, when inflated, it is clearly not 75cm in diameter - though it's printed on the ball. In actuality, it's 55 cm. This is annoying.",
0,Slow going,Hardly anything past exotic stepcercise playing at your local gym save the oft-cited and featured-elsewhere PNG.,
1,recommend!,"the pitcher is great for frothing milk for 2 servings.the only con is that the handle hurts my hand if i hold it in a certain way. the edges of the handle isn't rounded, so this is the reason why.other than this, its great. you can easily make latte arts using this.",
0,waste of money,"the earpiece is a waste of money, gave it as a christmas gift, but shouldn't have. It's a toy, very low volume, you cannot hear and cannot be heard!!!Could not return it because I lost the receipt...Total Waste!!",
0,and now a delux edition ...why,"What a terrible movie,Reeves is just horrible and boring in this role.Maybe a spectacle for the kids but I think this film would put most inteligent adults to sleep or just prompt them to hit the eject button.Watching this really is like a trip into hell !!",
0,Waste of money,"I found this book on special for 5 Australian dollars so I picked it up. I didn't get around to reading it for a little while but I should have never bothered in the first place for a few reasons.The book is too focused on the american economy and had very little information which could be linked to Australia's economy.From the first page it presented itself as a very bland read, giving barely any encouraging information for anyone wanting to expand on their finances. I stopped reading after the second chapter as it just had no appeal to me.I do not recommend this book at all.",
0,"Good Start but, ...","Good start. But, sort of slumps downward and never comes back.Might be ok as a reference.",
0,Not Fun!!!!,The Neopets collection is not as good as it seems. You could only play a few games and you cannot do as many things on it compared to the neopets website. this toy is not educational because it doesnt teach you anything and it isnt fun to play with. You play with it only a few days and then you get tired of playing with it that you just leave it hanging around. I dont recommend this toy for anybody.,
1,Un - friggin - believable,"These guys definitely have it. No joke. I've heard a lot of modern ""blues"" bands that are really really bad. Usually bands like this genuinely love blues music and want to play some blues themselves. You see them on-stage and they're going thru the motions and you can admire them for being so passionate about really bad songs, but you leave completely unsatisfied. This album is everything I could wish for from a modern blues bands. You will not be disappointed.",
1,Ignored master,"It is our good fortune this collection exists to showcase the tragically ignored Payne. His songs have thankfully lived on in other artists' recordings, but his own versions are more than worth hearing and on occasion, revelatory. If you are interested in the music part of country music you will care about Leon Payne.",
1,fitness,It's very simple and straight to the point and it helps out. Gives you straight motivation and a relastic out look.,
0,polar storm,Can't watch this dvd has everytime I put in on a screen appears that says This film can not be viewed in your area. What a con!!!!!!!!!!!!!!,
0,QUEEN'S WEAKEST EFFORT,"I really think the rest of the band don't think much of this album. There are only three good songs here: Under Pressure, Las Palabras De Amor and Back Chat. The other songs are forgettable.",
0,The Next Best Thing to a Sleeping Pill!,"This book literally put me to sleep. I could wake up at 2 in the morning and find the book in my lap, and then have to stress over finishing the assigned reading for my English class. I mean, some of the sentences are about 15 lines long, and the plot, if there is a plot, is incredibly slow. If the author would just tell it like it is, and not drag it out for pages, the book would be only about a third of the length that it is. Boring, boring, BORING!",
0,"Not new ,disappointed",I was surprised to see that the item was used. Advertised as new. Would have liked the new ones stead got used.,
0,Please review the sited URL.,"[...]I would not recommend this book. Russell does make some remarkable findings, however, his theology is corrupt and he is a party to a cult.",
1,Effective,"I found the information timeless. Yes, somethings sounded dated because of time. Yet it did not take away from the content.",
1,Good Value,Good value and love the products. Bought as a gift for my Dad's birthday. recommend to anyone with a car they love.,
1,tiny stones; good reaction,"The stones are so small you can hardly see them. But my wife loved it, and it looks good on her. She likes her jewelry more subtle than gaudy.",
0,Sucks,"This books sucks. Mind you, there are over 350,000 aspiring actors. The majority of them have been told and rehearsed on how beautiful and talented they are.Only 10 new actors are ""broken in"" each year. This book sucks.",
0,AWFUL!,"This was the worst movie I have ever seen. It was depressing to watch and the story was very poorly written. All of the ""segments"" were left hanging and never actually came together at the end. There was nothing shocking about the ending, it just ended. I had to double check to be sure that was indeed the credits rolling. What a jip, I want my money back. I foolishly bought this movie without seeing it first thinking it had to be good with all the known actors and the description on the back sounded good. Boy was I wrong! I threw it in the garbage, the first movie I have ever thrown away.",
1,Very Good Movie,This is a very good Van Damme movie. It is not his best movie. But I would have to say it was his best acting. Great action scenes.,
1,"Best of the series! Clear, easy signs & cute pictures","""Get your spider-fingers ready...!"" (wiggle, wiggle)That's how storytime begins with this book, which will encourage active participation even in babies who aren't signing.Very cute pictures of babies and helpful captions for parents on the pictures of signs make this a series of books you will enjoy together again and again.The series is slightly inconsistent in that this is the only book to feature a lovely REVIEW of signs used on the back page (maybe they had an extra page because the song is short?). I find the review very helpful, and it gives the baby another sing-along opportunity she always loves!Recommended for ages 1-2 only, as it's a very basic song that older toddlers will probably not sit still for for long.",
1,First Pratchett I've read and I'm very impressed.,"A well-crafted, sharp-witted tale that will be especially appealing to anyone who has ever read Tolkien and his ilk. Discworld is at once absurd and complex, yet held against the fabric of our reality, it's just as plausible. I'm hard pressed to think of a more likable character than Corporal Carrot. The modest anti-gun message was subtle enough to remain unobtrusive.",
1,Interesting,"After watching the Disney movie 20,000 Leagues, I wanted to read the real story to see what else it had to tell. It was a very good read, long, but good.",
0,not worth it,"do not buy these shirts, not worth the money, certainly not worth bill blass label, very poor style and stitching and fabric.",
1,Blackened Thrash and Extreme Cold,"This is my second attempt at writing a review for ATHOW. I don't know what happened to the first one. But, I'm sure none of you really care!! HAHA. ATHOW is very close to being the best metal record I own. The guitar work by Abbath is bone-crushing, and the drumming by Horgh is phenominal. But, the real excellence is Peter Tagtgren's production. He brings to life what these musicians are conveying. Superb. Immortal have created an amazing metal ""fantasy"" with all their records. Brilliant. Immortal is now reforming and will open the Wacken Festival in Germany in 2007. Be there if you can, if not buy this and ""Sons of Northern Darkness.""",
1,Awesome!,"I was leery after hearing that it kept products lukewarm, but I tried it anyway. My beverages actually got hotter once put on the warmer! I have to turn it off after a while or it gets too hot!",
0,Binge: British Light Music,"Never ordered it, it was sent by mistake and I returned it upon receipt without even opening it so I don't know.",
1,It's Spiderman,"I'd seen all 3 movies prior to this purchase, however, this now enables me to view any of the 3 whenever I feel like it. My only commentary is, ""It's Spiderman"". I think that says enough. I'm well pleased with the delivery terms, condition and quality of the products.",
0,"Pretty, but almost worthless.",I bought this to replace an almost forty year old cup warmer. I wanted a black and more stylish one and this one looked good. Any good reviews about keeping their coffee warm with this warmer must come from people who drink quickly. I take about a half hour to drink my 8oz cup and that's why I need a warmer. The longer my mug sits on this warmer the cooler it gets. Don't be fooled by it's looks.,
0,Not Good Enough,I did not find this book particularly useful. The college descriptions are more like advertorials written by the colleges themselves rathen than objective and independent analysis with pros and cons. Furthermore the book provides little help with putting together an application for each of these schools - something the author could have done given his claim to know these institutions so well.,
0,"One Extended, Boring Song",Clay said he's not an artist and he's absolutely correct. This CD is so unbelievably over hyped for a worthless collection of mediocre pop tunes sung by a mediocre singer who could not put emotion into a song if his life depended on it.Total manufactured crap.,
1,Excellent movie,This is was a small market movie (saw it in the theater; have not yet listend to the blu-ray so this is not a completely fair review of the actual product; though I did purchase it). Think garden state (though the story is very different). 100% recommended heart warming story.,
0,"Cheesy, boring, move on......","I'll make this short. Terrible script with very forgettable acting. How'd they con Liam Nieson into this one? Extremely cheesy, not to mention lame, visual effects. It seemed they skimped on the screen writer to waste more money on worthless effects. Very boring sound effects, there's only so many times I can here a creaky door in 5.1 before I put the mute on. At least it was only a rental, however, it was late so it cost me 6 bucks, what a waste. I'm glad I didn't blindly pay 20 for this dog.",
0,"Ignore the heading, it's NOT compatible with HP P1538A",I ordered this part as an upgrade for my HP e-pc c10 which requires specifically HP part P1538A. I thought this Viking part is compatible as it clearly says HP Part# P1538A by Viking on the Amazon heading. The computer couldn't boot up on installation. A phone call to Viking tech support says it won't work on e-pc series despite it being P1538A compatible. so beware!,
1,Classic Batman adventure,Classic Batman adventure that delivers with style. Now we can watch the Dark Knight next. We enjoyed it even when we were home sick.Good Job!,
0,Max Keebles delivers the goods,"Funny, funny funny...Unrestrained junior academic high jinks that will have your 14 year old, (and not to mention, YOURSELF) sprinting violently out of the room and into the streets screaming loud uproarious praise for this once-in-a-lifetime masterpiece. This little jem of a purchase is a must for anyonetired of the usual hollywood fair. The character of Mark is by far the biggest scene-stealer in this shining cast of adolescent thespians! I have seen the glorious future and it has a name : Hail Maximus Keeble!",
0,Do not buy this book unless you know C++,"I thought I'd be able to learn Java from this book, but after a few chapters I was totally frustrated by the way the author attempts to teach you Java in terms of C or C++, neither of which I know, neither of which are necessary to learn Java.I found the book condescending to non C and C++ programmers, and the order of subjects he chooses to teach Java is wierd.If you want to learn Java and don't know C or C++, do not look here, go to Dietel and Deitel's ""Java: How to Program"" instead.",
1,A really nice wifi adapter!,"First off, you DO NOT have to use the wireless utility that comes with it as others claim. Just extract the driver from the CD and point Windows to it when it starts the hardware installation. I keep the driver on my flash drive and have used that to install this adapter on tons of PCs in my office.Pros: Smallest on the market, handles all encryption types, USB 2.0, good range.Cons: No cover for the USB plug (no big deal).I have 2 of these devices and they work great. I can get about 40-50' of range which isn't bad for it's size (what do you expect?)The thing just works, and is one of the only adapters that can handle WPA 2. For the price, it is unbeatable.",
1,Still going strong,Reason for 4 stars is that batteries are two different brands but at 3 months they seem to be providing satisfactory service.,
0,Unnessecary Garbage,"Recently, Nirvana released the amazing ""With The Lights Out"" box set. Truly, a definitive Nirvana collection.Now they have released this compilation, Silver: The Best Of The Box. All the songs on the record can be found on With The Lights Out ANYWAY, and they didn't even pick the most notable songs from the set anyhow.If you should buy this, you should only be a DIE HARD Nirvana fan, who only buys this on principal.",
0,He's not quite there yet...,"Apart from some reasonable songs (One Wish - Track 4, War is Over Track 8), I really didn't feel like this album was all there. To be honest I haven't really taken the time to listen to most of the tracks & in hindsight I wouldn't have bought this CD. His talent is clear but a little more tweaking at the studio may be warranted!",
1,Buying good movies,This was a wondeful process. I would buy from Amazon again and again. It is especially great for the older hard to find movies.If anyone knows how to find the movie Madame X with Lana Turner and John Forsyth let me know. I haven't been able to find it anywhere. Thanks again,
1,"Best I've found, but not great in urban use...","I have the Wineguard version(same unit), and after trying 4 or 5 other $50 to $100 indoor antennas, which I returned, this one is the best. But still misses several channels in urban use, and I bought this online, so I am stuck with it.(Note that it works perfectly 20 miles further out, in the suburbs!)",
0,Horrible Horrible...Just Go to Borders,I ordered this item on or around August 15th. It is September 13th and I have still not received this item. I emailed the shipper on numerous occasions about the item. The shipper even went as far as to lie and state that my shipping information was lost. I provided the shipper with my shipping information yet again and still did not receive the book not to mention the shipper stopped responding to my emails. Needless to say I had to file a claim with Amazon and I just went and bought the book from Borders....just buy books or whatever else this shipper is selling elsewhere...it may be more but at least you will get your item!,
1,This is a very good hardcore band/CD,"Hatebreed isn't a modern ""sell-out"" wannabe hardcore band. These guys are alsome and i suggest them to any hc fan...",
0,do you hear air?,"This item loses air overnight. Must be inflated daily if not nightly. If you return this item the store won't take it back, you must ship to the maker at your expense. Or you must cut the air pump out because they don't trust you not to keep using it, like we have to trust them on their quality.",
1,Best diaper out there!,Baby Dry is the ONLY diaper I'll EVER use. I have tried every other kind of diaper (new mom) and I am sticking with baby dry forever. I have NEVER had a leak with these diapers- my son is over a year now. They also don't smell like urine when wet. This diaper is highly reccommended and I would suggest people to not even bother trying anything else because you WILL wind up realizing that nothing compares to baby dry! Take it from me! www.facebook.com/dealmom,
0,Fans can never be objective...,From the OBJECTIVE reviewer...more soundtrack pop full from Elton and whereas The Lion King is a 1 star album this is 2 stars because we have double the fluff.,
1,Men's High Tec Boot,This boot is comfortable and gives me the ankle support I've needed for any type of hiking. I look forward to many years of use from these boots.,
0,"Good idea, needs LOTS of work","The set up is real easy, the site is too flashy (no pun intended) and the play lists are never updated. I have NO idea what the other people who give this good reviews are thinking. I live in NYC, media capital of the world, and if it doesn't work here with hip-hop and Latin stations, it won't work anywhere. If you r into Latin music the site tells you the stations are supported but when you mark a song it gives you the popular songs not necessarily the songs playing. It is very unreliable, I have yet to see it work more than 3 times, and I have owned it for well over a month. If you want to get it, DON'T. At least wait until they start working on getting the play list on point.",
1,WOW!,We bought this for our son for Christmas and my husband and I play with it every night after he goes to bed. We hooked after our very first try when it guessed - guinea pig!!!!,
0,DISAPOINTED,I BOUGHT THIS ITEM AS A GIFT. I PUT BATTERIES IN IT AND IT WORKED FOR THREE MINS AND QUIT. I HAVE NOT BEEN ABLE TO GET IT TO WORK AGAIN AND ACCORDING TO AMAZON POLICY I CAN'T RETURN IT! DON'T WASTE YOUR MONEY!,
0,John Douglas Sold Out,"John Douglas sold himself out to the Ramseys. Acting as a paid consultant, he met with them and reviewed evidence and the crime scene. He criticizes colleagues and other law enforcement that believe the Ramseys are guilty. Mr Douglas did not work for the Boulder police or the D.A. so the evidence he reviewed was that which was made available by the Ramseys.If this isn't tainted, I don't know what is.The rest of the book rehashes old cases and does not offer any new information. It's a waste of time and money. Mr Douglas should be ashamed of himself for selling out.",
0,They leak :(,"I loved swaddlers but they are only in small sizes so I moved to baby dry. Well with teething there is diarrhea and even when I ran to the changing table to change him after an audible bm it was on it's way out of the top back of the diaper and the sides, also I bought them thinking they had the flexible side panels, which are wonderful because you don't feel like your cutting off your babies circulation if you want them snug. I must have received an older box and it did not have the flexible sides. I have since switched to cruisers and love them.",
1,Psycohistory,"When you foretell the decline of a galactic empire, you don't make many friends. But Seldon manages to keep what he finds low key and sets into motion a series of events that will lessen, not stop, the ravages that are to come.A great sci-fi classic. One of the best from an all time master of the genre. When I was younger I tried to track down every book he ever wrote. Think I got all the Tales from the Black Widows, but am not sure.Any lover of Sci-fi will find this not only exciting, but intelectually stimimulating.",
0,Very poor condition BUT? Good read!,"I saw D. Ebby 35 years ago on the 700 Club, wanted this book for all those years. It was brought to my attention by another minister of the gospel just recently. Saw it on Amazon and decided to buy it, it was inexpensive. The pages fell apart as I read the book, it was extremely frustrating but? So enjoyable and encouraging, I was glad I bought it. I am going to look for the same book in better condition, just to reread or give to another to enjoy.",
0,Worthless,"I bought this book when it was first printed hoping for some insight into how Tomcat worked, design decisions, architecture etc. etc.What I got was nothing more than a rehash of the online documentation.A complete waste of money then and utterly worthless now. If you have a copy hang it on a nail.",
0,Poor Picture Quality,"Although the movie itself is good, this particular version has EXTREMELY poor quality. It was CLEARLY not professionally made. Buyer beware.",
0,Ruined my life..,"I'm an expected father to be, and I thought this DVD would help me show my caring compassionate side... I was trying to be part of the whole child birthing process. Thing is, this DVD provoked an unearthly rage in my spouse. While watching it Bayles seemed more intent on belittle the viewer and sharing her own life story then furnishing us with information. My spouse secretly thought that this Sheri Bayles was trying to ruin her child's birth. The DVD taught us nothing, 80% of this DVD is about Sheri talking about her own life.. The information she did give is easily obtainable from a free pamphlet. When I told my spouse I paid $[...] for the movie she freaked! [...]",
0,HOW DISAPPOINTING,"That is all I can say - you get what you pay for is clearly underrated - you buy sheets for under 10 dollars - what on earth was I thinking - well, I got paper thin sheets that I hope make it thru the first washing -will use them as emergency sheets for guests that want a place to crash - will provide toilet seat cover-like protection against the mattress and who knows what it will feel like next to the skin!! Warning - Caveat Emptor!",
0,Poor!,I bought this to listen to a sax play better than me. No sax playing! Just a lame tone to follow along with.,
1,Beware!,"Readers should be aware that this translation, by Beryl de Zoete, is much older, freer, and less accurate than the newer one, published by Yale Nota Bene, translated by Beth Archer Brombert as ""Emilio's Carnival."" Don't be fooled by the classy NYRB edition; the usually impeccable editors of that series have passed this ""vintage"" translation into print with nary a warning. Of course, older translations may be your thing (they're certainly mine much of the time) but you should know that this edition isn't all it seems. For more information on de Zoete as a translator, see William Weaver's excellent introduction to his wonderful translation of ""Zeno's Conscience,"" which nicely dispatches de Zoete's ""The Confessions of Zeno"" to the dustheap of translation history.",
1,Good,I have not really had a chance to use these but my daughter states that it works for her very well.,
1,quite good,fairly basic but fundamental intro to spearfishing with a few gems often missed in other more 'advanced' books.worth having in your 'spearo' collection.,
1,It's all based on what you like...,"Personally, I find the reviews on this site to be Clay haters arguing with Clay fans, and vice versa. What I think needs to be done, is take a step back, and look at this CD in a different way.Do you like this CD? Obviously if you hate Clay, there's no way you're going to like this CD and that's that. If you love Clay, you aren't going to hate it.Look at it like this. This CD is all Clay. He puts his message, personality, and voice into the music. If that is what you like, then like it. If you don't, you don't. Don't be biased either way. Look at it from the middle point. We aren't getting anywhere arguing.Clay fans, buy this CD. You'll adore it.Clay haters, don't. You'll dispise it.",
0,"leak, leak, LEAKS!","I just love Pampers Swaddlers and I've used them for both babies. But these Pampers Baby-Dry sz 3 are just worthless! Every little wee-wee just balloons the diaper and subsequent wee-wees leak out. Diaper gets ""full"" way too easily, then when we pick her up and hold her it squishes out (number 1 squeezes out and wets all of our clothes). Just no good. Hubby doesn't get upset at much, but he is just hugely frustrated about these. We're going through 3x as many diapers, at least, as we did when using Huggies. So back to Huggies it is.",
0,it leaks constantly,"this is the worst experience ever, the cheaper LUVS brand is much better! don't buy this diapers, I hate hate hate them, my daughter wakes up with all her clothes wet; I change it 2 times at night!",
0,Boring,"Sea & Cake are critically acclaimed and have made some decent jazz pop in the past, but there is only one good song on this album, and ""Afternoon Speaker"" is it. It even gets a bit monotonous, but at least it's perky and interesting. Pretty much everything else on there puts me to sleep.",
1,a fabulous sequel,"As sad and tragic as ""Jean de Florette"" (which should be seen first) was, this is a delight, and one of Claude Berri's very best films. Emmanuelle Beart, looking like a wood nymph, is beautiful as Jean's daughter, bent on revenge, and Daniel Auteuil as the lovesick man who's past comes back to haunt him is terrific.Yves Montand is magnificent. This is one of his greatest performances, and shouldn't be missed. His scene with the blind woman is so memorable. I think about that scene often, and of how easy it is to make life changing mistakes by misunderstanding circumstances.The soundtrack by Jean-Claude Petit is lovely, using a theme from Verdi's ""La Forza del Destino"" as its main melody, and the cinematography superb. Best of all, the ending is perfection. Satisfying. A work of art completed.",
0,Another lame mattel product,Please don't waste your money on this one. My four year old son loves the justice league and thinks this toy is pretty great. The problem is the elevator for one never worked and the tower is supposed to be supported by three crappily made narrow suction looking thingys. The minute my son goes to open one of the towers sides the whole damn thing collapses. This happens everytime. I finally just took the three support things off of it and put them away. The gun launcher thingys on top also continue to fall off. Luckily my sons was purchased on sale for only $14 but it's made so cheap and frustrated my son so much that I still feel completely ripped off.,
1,classic,"First, you should read more plays. Second, you should read these plays. Doing so cannot fail to improve your life.",
1,Homer's enchanting tale,"Homer's enchanting tale is brought to life in ""The Odyssey.""I, a student, first saw this movie while studying Ancient Greece with my class. On the first day of Ancient Greece, my teacher popped the video in the VCR and made us take catagorized notes.Since it was our first day we had no idea about Greece's history, gods and goddesses, heroes or political science.However, the Odyssey told my class and I a great deal about Greece.One of the reasons why I reccommend this movie, is your (or your child, for that matter) don't know too much on Ancient Greece, you put the movie in the VCR, and 2 hours done with the credits rolling, you will know so much about Ancient Greece.It occured to me that in this movie The Odyssey about Odysseus leaving Ithaca for the Trojan war and fight the curse of Poseidon, underneath it all there is the political science and the goddesses and gods history and way of life and the scenery.Over all this is an amazing movie.",
0,Incorrect and Misleading,"Attention! Sheldon's views of Jefferson's thought to not reflect on Jefferson's! I could not believe what I was reading when I opened up this book. I hought that Sheldon had at least a relatively firm grasp on Jefferson's thought after reading his book ""The Political Philosophy of Thomas Jefferson,"" I was sorely disappointed. It appears that Sheldon may understand what he thought, but is not able to translate it to the events of today. It is a shame that Sheldon failed in his effort, because such a work as this, properly done, would be wonderful to see. If you truly interested in what Jefferson would think about current events today, let me sum it up for you. He would be outraged and saddened to see what happened to the once great nation that he helped to found. He would be enraged at the tyrannical activities of our government. As for his political leanings, he would most certainly be a radical libertarian.",
0,They are the has beens and wanna bees,"hmmm...just think....Noel, a brilliant man, maKING A CD that is just crap. What happened!!!!! I can't believe it....over played solos....awful lryics!!!!! Just when you think they could make another brilliant album, they make a crappy album. Haaa...just think.... 4 yrs ago Blur was being called the has beens because Oasis brokoe the US but blur did not. Well....who are the has beens now??? Well Oasis... all I cam say is RETIRE!!!! Geesh, for Beatle wanna bees, I would expect better.",
0,"I know I was supposed to be impressed, but....","This movie just didn't grab me, at any point. I am usually a tremendous fan of McKellan's work, and like Fraser's style. However, neither really clinched it in this film. The scene stealer in this blasé film has to be Redgrave, playing McKellan's Hungarian housekeeper. The film covers the recollections of the director of the original Frankenstein film. McKellen finds a confidante in Fraser, the yard/pool boy. While the recollections could have been riveting, somehow the delivery is flat, and you find yourself saying ""who cares?"" most of the time, without forming any affinity for either character's plight. Yes, McKellen is an openly gay actor, and yes, Fraser does a bit of a nude scene, but that's no reason to run out and buy this film. Rent it on a slow Saturday afternoon. It's watchable, but you won't want to re-watch it.",
0,For whom the bell tolls--for fans of thier back catalogue,"This single, and most likely (though it saddens me to say it) the album from which it originates [Always Outmanned...], is dissapointing. This statement is only for those who love Experience and feel that the Prodigy peaked with Music For the Gilted Generation--folks who were introduced to the Prodigy via Fat of the Land will probably love it. It's got plenty of ...slurred ""singing"" by Keith Flint and mediocre beats that compliment it very well. I've been waiting many years for signs of a return to the powerful, compelling, and complex beats of old, and it looks like I might have to just give up. My catalogue of 15+ Prodigy lps and eps might not be getting any new friends any time soon.",
0,"Paper on ""hand decorated"" box looks cheap","I bought this for my daughter for Christmas. It may be ""exotic"" wood but the paper stuck to the wood is coming off the front left corner and greatly diminishes its beauty. The tea is nice but it's not worth the money, in my opinion. I knew the box wouldn't be hand painted but I thought the craftsman would've done a better job of gluing down the paper.",
1,"Beautiful, allegorical tale!",Lewis explores the human psyche in this literary masterpiece. You will go away with insights that you might not have considered before after reading this wonderful book!,
1,[BOOM!],"Sodom Came, they went.I had listened to 'Masquerade In Blood' and 'Till Death Do Us Unite' and I knew the war that was Sodom was over, the ceasefires had been signed. When you end an album with a song called ""Hey Hey Rock 'n' Roll Star"" after putting out crap that just screams ""We wanna be punk and are failing miserably at it!"" I knew it was over. Saddened, I went to survey the damage.And That's when I heard the Air Raid Sirens.Code Red is the comeback album of all time. Sodom has snapped back into place, I don't know why, but they're rocking harder and heavier than they ever have. This is not for ""Limp Bizkit"" fans, you get your ears and a greater part of your head ripped off and handed to you. And that's the way it should be.Notable Tracks are Liquidation, The Vice of Killing, Code Red, and Addicted to Abstinance.",
1,Revisiting Angelo Pellegrini,"I attended a release party and book signing with Angelo Pellegrini for ""Lean Years, Happy Years"" in Seattle in 1983. I skimmed the book then, which had an influence on my cooking (as I was a bachelor and appreciated the simple, yet delicious and wholesome recipes). The book has sat on the bookshelf unopened (and lost and buried) for almost 30 years, when I rediscovered it, this time turning immediately to the back for the last chapter on ""The Cellar."" Pellegrini advocated a philosophy of grow your own, make your own, drink your own wine (which applied to food as well). Now, as I winemaker myself ([...]), I relished reading his musings on winemaking and life. If you are a foodie, if you are a wino I recommend Pellegrini's book, which, although old, is as fresh as his ingredients, and is as true as a noble wine: it has improved with age.",
0,"Review of this digital download, not of the material, merely the presentation and the first version downloaded but removed.","Ok, just where to begin. First this digital download version is a joke. Someone did not format correctly. Each line is either double or triple spaced, even if you change font. Why stop there? Why not put a word per page?I would like to return the digital download, but can not find a phone number to speak with someone. Or a mechanism to return it.1984 is a good read. Content is good, presentation, not so much.",
0,might be good... if I could stay awake!,"It seems like a large company produces these videos (probably in the 70's or 80's) but it I still can't believe that this is part of a series! Is seems like someone made them in their basement. I can't attest to whether there is really great sewing info in it, because I can't force myself to keep watching it.The woman is reading from a script like a first grader that just finished hooked on phonics. Extremely monotonous tone, I can't stand to watch her and I keep falling asleep... really falling asleep!Other people had mentioned how boring it was, but I didn't think boring mattered if I just wanted sewing info. Boy, was I wrong.The other goofy thing they do is start ""showing"" you how to read the back of a pattern package, but then they forget to zoom in on it so you can't even see what they are pointing to.Why so much money? This video should be a $10 movie (or less)",
1,this CD rocks!,"This album is wonderful.I must tell you the first time I listened to it, I loved every single song on the disc.The lyrics are catchey and the beats are incredible!Buy this CD and you will NOT be wasting your money!",
0,Not network friendly,"We chose this printer because of the network capability. The first printer stopped functioning correctly after three weeks. To print, we had to turn the printer off, then back on, and then print. We had to do this every time we wanted to print. HP sent us a replacement printer, and it worked correctly for 4 days. After over an hour on the phone with HP, I was told the printer is not very stable in a network application, and we should use the printer via a USB connection. If HP knows the unit is not stable in a network environment, then HP should correct the problem, or stop selling the unit.",
0,My Thoughts About This Book,"Do you like to read about WWII? Then I think you will like this book. In Summer of my German Soldier, Patty meets Anton Reiker, a German Soldier (Prisoner Of War). Patty risks her life for Anton by hiding him in their garage. Anton risks his life for Patty when her father is beating her. Patty goes to a reformatory for girls when the FBI finds out she was hiding Anton. Patty will always remember him, because he loved her in a way her parents never will.I gave this book one star. I did not like this story, because it was hard for me to read and understand. I did not like the way her father always beats her for little things she does like sitting and talking with Freddy a poor boy in the neiborhood that she is friends with. Her family doesn't love her enough except for Ruth, their black maid, & Sharon, her little sister.",
1,an almost necessary tool.,"I could easily have made this tool, but I'm getting lazy in my old age. It beats using a pair of channel locks, and much neater.",
0,Fun for Fans,"As a Lord of the Rings fan i was excited about the upcoming Game be Vivendi Universal. You can play as any part of the company of the ring, from the first book, "" Fellowship of the Ring"". The game follows the book very well, but the gameplay is a different story. In many areas you get stuck and find that the only way to get out of being stuck is by restarting the game. If you are willing to play, and play to finish the game, then you might find this a good game. The graphic are alright compared to others and you may find that it seems to have a dark tint. If you are a fan of the book you will enjoy this game, if not, i sugjest finding a different game to play",
0,Prison Rape,"Anyone who objects to making light of rape, including prison rape, should refuse to buy this book. If you're a Christian, ask yourself if laughing at rape is the moral standard you want to uphold. If you're a humanitarian, vote with your dollar and boycott Borowitz' glib joke about rape, even the rape of others who have harmed us.",
1,I'm a Garbage addict.... and this rocks!,"This is the best CD I've ever heard! Once again, Shirley rocks on with those dark tunes. But this seemed a little happier-especially ""When I grow Up"" and ""Special""-than the first album. Probably the best song is, well, all of them are great! This is certainly ""Special""!",
0,The worst rap I ever Heard,This is what is in the dictionary under wack. I can't belive that this many people bought this (...) The hot boys are just a fad like bellbottoms. (...) If you think this is what rap is about u just plain stupid and I'm glad this hot boy stuff is almost over wit. When some of my friends play this crap in the car I just rather get out and walk.,
0,POOR QUALITY INCORRECT,"the item that is stated does not look like the stock graphics , the picture that is show is not what the item looks like . dont count on a good quality product",
1,fun and effective,"I've been a fan of the Donna Richardson step and awesome abs video and was very pleased with the 4-day rotation video. I work full time plus have 2-young kids so the 15-minute work-outs are great for me. The only thing negative I have to say is that at times Donna and the two friends seemed to be talking simultaneously which was irritating and made it hard to understand Donna. Also, participants in the video should be aware that users will have to hear what they say over and over again--So I really find it irritating when one of the friend says, 'Now we're cooking' in a particulary annoying voice--I'd give anything to delete that!! However, all in all, a great video.",
0,Reads as a rush job,"This book was a disappointment in comparison to other Crusie books. Her books were my first foray into contemporary romance. The plot is not too developed or very interesting for that matter. And the main characters, they come off pretty flat.",
0,Broke!,"This worked well for about 4 months and then broke. Its mechanism turns to ""warm"" now way before the rice is done. When I called the company to ask about service or an exchange, I got someone one time. I had to call back with more information from the receipt and I have never been able to get a hold of someone since then. I have called about 8 other times. It is not worth my time to keep trying to get a hold of someone, pay to send it to a service person, etc. Since this item is well reviewed in Cook's Illustrated, I am debating buying another and crossing my fingers...",
0,surprising inaccuracies,"An interesting concept containing a series of stumbling blocks that impede the reader's progress down the Brokaw path. Examples: In dealing with both the Womens Army Corps (WAC) and the United States Army Air Corps, Brokaw consistently mis-names the units. The Army Air Corps was NOT the Army Air Force. The WAC began with the WAAC - Womens Army Auxillary Corps- which converted (with the necessity of WAAC members being sworn into the Army), and became the Womens Army Corps. Brokaw consistently and incorrectly refers to it as the WACs -both in the text and in the index on page 412 of the book. I also wondered how the editor had managed to ignore the structure of a sentence on page 190... ""Lieutenent Settle spent the rest of the war supervising medical technicians at the hospital with no difficulties."" My flow of reading was too often impeded by technical error.",
1,Clays Measure of A Man DOES MEASURE UP!,"Its evident after hearing the first few tracks that this is one man that will have a long lasting pop career. Think Barry Manilow (who Clay somewhat resembles) and Neil Diamond (sorry kids if you haven't heard of these guys ask your parents)Clay sings from the heart and you FEEL his music as you are listening to it. He may have been ripped off of the American Idol title, but he now has a certified NUMBER ONE in this CD which will be a huge seller. Eat your FAT heart out Ruben! In 6 months you will be all but forgotten. CLAY gets an A+++ for this work!",
0,My brain froze over,"This supposed ""thriller"" is mind-numbingly dull and inept - I had to give up half way through.",
0,Poor Packaging/No Warranty,"I purchased another MK315 because I smoked the first one during an electrical storm. I received my Minn Kota MK315 and the first thing I noticed was the poor packaging from AMAZON.com. As heavy as that unit is, they tossed it in a box with a couple of piece of bubble wrap which allowed the unit to beat the outside box and unit box to pieces. Since it was left on my doorstep, wasn't much I could do. Upon installation, the ""Power"" light did not work. Unit seems to charge all three batteries fine. Minn Kota says there is no warranty because I cut the power cord to install in the boat. In their words; ""The MK-315 is a reliable charger. It is unlikely that the charger was defective right out of the box. Unfortunately because the AC plug was altered the warranty is now void. The chargers are a sealed unit and cannot be repaired."" I do believe that will be the last Minn Kota charger I buy!",
1,A SPOOKY GEM,"Bonnie 'Prince' Billy (aka Will Oldham) creates the scariest take on country music imaginable. In fact, this could easily be labelled 'goth country'.His lyrics are intensley personal and his voice a deep and dark wonder. His songs are carefully crafted and arranged in an obscure warmth and frailty.On some occasions the songs creep along steadily, on others errupt into soaring climaxes of double tracked vocals on the brink of collapse. These climaxes don't play on the usual tricks of severe dynamic change or string sections, but rather involve escalations in emotive force that ripple through you.Will Oldham is a master songwriter, and an expert at creating sound collages and textures not usually associated with country music.",
1,No more knee trouble,"I am missing the ACL on the left side and never expected to be able to run again. After using this method with 5 months of training, I was able to complete a marathon. It is easy to read and quite clear, although I recommend getting the video too.B",
1,its a great pmp,it is one of the the best pmp's around . a great LCD and really good looks wit a 30GB capacity . well the price is a bit on the expensive side ........when compared to the archos AV420 which is at 306$ wit the capability of video recording facility . . . . .well i bought a creative and i dont regret it at all . . . . . excpt they could have put in the recording facility .it will be the best one around .,
0,BUGS CANNOT FINISH GAME,Do not buy this game it has bus bugs and more bugs. You cannot finish it. End of story. It gets zero stars. (0)*,
1,Great Cover - if you can get your Bible into it,"My wife purchased this Bible cover for me as a birthday present. I had wanted this over anything else since my existing was falling apart. My Bible is a NAS Inductive Study Bible. And it is big Bible. But the XL, the largest cover they make, did not come anywhere close to fitting it. I really like this cover, but if it doesn't fit, it will do you no good.",
1,Bad boys meet bad girl,"25 years after the seventh Earl of Lucan clobbered his wife and killed the nanny, he shows up in Paris at the office of psychiatrist Dr. Hildegard Wolf. But she already has a patient who claims to be Lord Lucan. Will the real one please prove it? And what about Hildegard, who really is Beate Pappenheim, a fugitive fake stigmatic from Bavaria? The author has great fun twisting things around between these three bad people, at times coming close to the Keystone Cops. But blood will tell, with murder, with stigmata and with the British nobility. This book does not make much sense, but it is good fluffy fun.Amusing sideline: Bavaria had a well-known stigmatic - Therese von Konnersreuth - who ""practised"" there from 1925 until her death in the 1960s. She was never accused of fraud but, to this day, Rome is rather sceptical.",
0,tedious reading,"I minored in Spanish, was an exhange student in Madrid and embrace many aspects of Latin culture and devour lots and lots of Latino and Hispanic Lit. The idea for this book had so much potential, but the novel just doesn't work. It's hard to believe or get into the voice of the narrator, Claire, an adult young woman character because she comes off girlish, shallow, and wholly boring, and the Latina characters were just too superficially written to retain my interest and were unbelievable because they lacked depth and human oddities and characteristics that make characters in literature so memorable. The women either come off too saintly to believe or stereotypical. The concept for the novel was great, but the writer fails because this novel doesn't have ironies, interesting drama, complex personality contradictions within the characters, a fresh or provocative writing style, believable epiphanies, or any treats the reader can take away with her/him.",
0,Worst. Movie. Ever.,"This is the worst movie ever made. A bold statement, I know, but true nonetheless. It is 80 minutes of your life that you will never get back. The only reason I kept watching is because I told myself: ""Self, there is no way a movie could be this bad. I am sure that they will wrap it all up at the end."" WRONG. The story tried to be some sort of moralistic tale about the dangers of being self involved, but in reality it is a warning of the dangers of hiring a bad director. Please do not watch. And if you do - for the love of all that is quality movie making - DO NOT PAY THE $22 that amazon is charging.Note: The first scene involves a man ripping open his back to pull out an organ. I found this scene ironic because later in the movie I was considering ripping out my own eyeballs.",
0,As Bad a Production as Possible,"This Broadway Theatre Archive production took one of the wittiest, most sparkling 18th-century comedies--and ruined it. The costumes are intentionally absurd (think Beach Blanket Babylon), the acting is way over-the-top-camp, and the incidental music could not be worse. The music, BTW, is a combination of pop Renaissance and pop modern; anything but 18th century. The director appears to have had the goal of showing that his company was just too hip and too modern to do anything but make fun of this silly, fusty old play.I like ""The School for Scandal"" very much, and not having found any other DVDs of it, I started out with the intention of keeping a recording of even a bad production. But when they got into the extended bop-be-bop of the drinking song scene, I knew I just couldn't ever sit through this one again.The visuals are also blurry, but with the production being so bad, so what? Anyone who actually likes this play will be revolted by this DVD.",
1,Excellent,"The book gives a thorough discussion on the PRACTICAL implementation of the Transactional Ananlysis ""I am OK, You are OK"" theory.It is therefore a must read if you are into Transaction Analysis or you just want to imporve your leadership skill.Please remember to come back to give this review a vote after you have purchased the book and have read it form cover to cover.P.",
1,Don't skip over any of them!!!,"I often buy Cds. In almost all cases I will skip over a few songs that don't appeal to me. This is the first cd in a very long time that I can actually say I like all of them. Even though this cd is considered all ""pop"" it has a continuity to it that doesn't happen very often. Each track is unique. There is an easy flow within this album,yet you get the feeling that each song is different.I honestly can't tell you which song I like best.....I think that is a matter of personal opinion. For a debut album I feel this one will appeal to many for various reasons. I don't think you will be disappointed ....",
1,Dawn on a Distant Shore,"I found ""Dawn on a Distant Shore"" to be colorful and also a look into how life was in the late 1700's in America and Ireland. It continued with the lifes of the Bonner family and close friends and brought back some characters from the past that added more intrigue. I read through it quickly because I couldn't put it down. Start reading yours and you'll see what I mean.",
1,Interesting,"This was a very fascinating read. It does not focus only on Mothamn sightings, but all the other strange events that were supposed to have happened. If you are looking for a book that will prove Mothman exists, I don't think this is the proper book for you. It is mainly about what went on from the first sighting of Mothman to the felling of the bridge. There were a lot of strange happenings during that time. I read this as ""I'm presenting you with the information as to what heppened as I saw it and was involved in it, and you make up your mind as to whether its true or not"".",
0,Semi- additive Cooking,Very disappointing The recipes are filled with unhealthy ingredients .The concept is great but the nutritional benefits are not there-- so it isnt a quick fix for me.Hard to imagine Wolfgang endorsing such a book,
0,The worst ever,"This is one of the worst one i ever bought. The price is kind of high so i expected it to have some use. There is no vibrating motion beside the rabbit head. Since this product can not be return, I used it once and went righ in the trash.",
1,great movie,"Great fun. Cher really shines in this movie, plays a great average woman. Not to mention nicholas cage is such anAdorable wako in this movie u just can't help but love him.",
1,The ultimate for women,"My wife has several workout books but as she states, ""not one matches Arnold's"". This book not only covers subjects like what to eat, it also goes into great detail on what workouts work what muscles. Great book!",
1,"Nice, energetic and inspirational cd.","I was very excited to get this cd and I was not dissappointed. Clay is a wonderful singer with a big clear voice with a very good range. What I liked most about this cd is that the songs deliver good messages and no dirt. I would say that this album is a mix of pop rock and inspirational. Some of my favorite songs would be:Invisible- fun, upbeat, and good lyric about not being noticed by the person you are attracted to.The Way- Wonderful, romantic and I expect that it will be played at a number of dances and proms.I Will Carry You- reminds me of the songs Bridge Over Troubled Waters and He's Not Heavy, He's My Brother with its moving and inspirational message.This is the Night- another romantic song that gives me the tingles.Measure of a Man- This song could easily fit in a gospel/inspirational album. Fabulous message in it.This cd makes me go back and forth between dancing and getting teary eyed. I bet you will feel the same way.",
0,I Wish I Could Give Zero Stars,"This is by far the worst of all the Transformer movies. Every scene with Shia and his blowup girlfriend is a slap in the face to modern women. After watching for thirty minutes, I realized I had wasted enough of my time and stopped the film. If I had paid for this, I would have thrown a temper tantrum until I got a full refund.",
0,Misleading Advertising,"Hand decorated? Maybe by slave labor in some 3rd world country. I should have read all the reviews more carefully. The only ""exotic"" thing about this purchase is probably the chemicals used in gluing the cheap paper onto the chest. There are glue splatters all over the top, and scratches on the inside. The paint on the corners looks like it was done by 3rd graders. I purchased this primarily for the chest, and could easily forgive the poor selection in flavors if the chest was worth more than $10. As it stands, I'm going to try to return this to Amazon ASAP.***Very Disappointed*** Read all the reviews before purchasing this!!",
0,Pathetic,"I bought this album because I heard a killer version of ""White Christmas"" on a station on Live365. The link pointed me to this album. What a dissapointment! The tracks are half-baked, synth-drenched remakes with none of the swing of the song I heard. Liner notes are non-existant, leading me to wonder if any of the original Drifters even had a hand in this project. Don't waste your money! I did manage to locate the version I heard on Rhapsody on an album called ""Soul Christmas"" on Atlantic Records.",
0,Pampers,"I was really unhappy using these,they leaked badly many times.In the past I have used the Pampers Cruisers and was very happy with them.I now buy Huggies little movers since I feel those are the best diapers around.",
1,"Good item, but could it be better","The book is very easy to read and understand, gives very clear explanations, but it could it be great if it included a practice CD like most ASVAB books now come with...",
1,HELL'S Yeah!,This live recording of Incantation IS a must own. Very few copies were put into circulation and I picked up my copy via amazon's used marketplace a few weeks ago. I love their studio albums and this live album is outstanding. The drums sound great as well as the production values. A must own.,
0,Not Just a Name,"Just like a real museum, everything in Namco Museum is OLD. I grew up in the 80's. I played Atari and Colico. I remember Pong, Missile Command and many others. I remember that they only kept my attention for about twenty minutes at a time.",
0,12 games for 9 bucks,"Yep thats right 12 games for 9 Bucks. No kidding. Yeah. But the only reason why i gave it 4 stars is the fact that yeah you get all of those games but you get 2 repeats (galaga, gal Im not saying i dont like the game (considering that i bought it solely for the galaga & ms pac man) but it should be more of a selection than just having all the galaga's Some might disagree with me but oh well. The fact that it has all these old original arcade titles loves it. It would be better with a regular tv rather than a wide screen, as all the games are narrow. Funplay its like being in the arcade all over again, difficulity- that digout game is the only one that i am having trouble with! and graphics (who cares) Your playing your favorite titles which is why you bought it so dont cry for mommy if its not in HD!For the money you cant go wrong",
1,For a class,"I ordered this book for an essay writing class, and I was worried it wasn't going to come in time but it did, in fact before I expected it to. The book itself is pretty good, but you have to be prepared for Berger's writing style.",
1,SHE HAS DONE IT AGAIN!!!!!!,"OH MY,OH MY,SHE HAS DONE IT AGAIN.TO THE ONES THAT HAVE MS.FEEHAN'S OTHER BOOKS YOU NEED NO INTDUCTION, TO HER FINE WORK.TO THE ONES THAT DON'T KNOW ABOUT HER DARK SERIES .THIS IS A GOOD BOOK TO GET TO KNOW ABOUT MS.FEEHAN WORK.NICOTETTA AND GIOVANNI STORY IS SO POWERFUL,THAT YOU DON'T WANT THIS BOOK TO END,ONLY LOVE AND MAGIC COULD KEEP THEM AT EACH OTHER SIDE.A KEEPER .....4 STARS",
0,SEE 8 1/2 WOMEN INSTEAD,Imagine getting snowbound in a cabin with 8 WOMEN (Universal) and a dead body and then have to witness each woman sing and dance (badly) as they tell their story. Who dunnit? Who cares! A whopping French dud. See 8 1/2 women instead.,
0,Hate this thing,"I hate this thing. It worked for about a month and that is it. It has driver problems. After 5 hours on the phone with Rhapsody, 2 hrs. with Sansa it still does not work. I have downloaded everything for this. It does not work. Waste of money, time. Very disappointed.",
1,Worth the time,"Well researched and documented, and yet an interesting and pleasant book to read; I learned from this book many things I completely ignored about history of Nouvelle France. A dispassioned history of the wars among French colonists of Canada, Indians and the British colonists of the early American colonies.",
1,Super Helpful,This book showed me that I dont have to live in LA or New York to get into acting. Also It gave me alot of helpful hints on all aspects in landing a role.,
1,Thi was a great book,My class read the book The Castle in The Attic My whole class liked the book. My favorate part was when Willam got past the dragon.But did he get in the castle? I don't know! You will have to read the book to find out. I recommend you read this book!!!!,
1,cheapest price,I am always looking for the best prices on diapers. I like these overnight diapers - they work for us - we always use one size larger than our daily diapers and that seems to work.,
1,it does it's job,"I read the reviews before buying this product and one review said it made loud nose as dial turns.. and s/he is completly right. The noise it makes is pretty loud.. I would NOT recommend this for the bedroom if you are going to use it as some type of sleep timer b/c the noise will bother you. However, I have this installed on my storage room in the kitchen, so the noise is not an issue.",
1,Oasis,"oasis is a very talented British rock band reminds me of the early days of the British invasion of the sixties somewhat like a mix of the Beatles and the Rolling stones.Be here now by oasis,is a overall good album so if you,re into British rock? I recommend it and give it 4 stars.",
1,Classic,"I originally read this way back in jr. high and sadly only remember being entranced by it--not recalling any of the plot. I finally got around to the rereading and recalled why I had the original feeling of enchantment. This is one good book.Kit Tyler is a sixteen-year-old girl who leaves Barbados after her grandfather's death for the more austere world of Puritan New England to say with her aunt's family. But Kit is completely unprepared for the ways of these people. Even so, she manages to grow in unimaginable ways as she connects with people with whom she would have never seen herself.And it's not a simple moralistic book. It's a book about a girl coming of age. Unlike other books of the Puritans, there are no villains, just those who are different and it's amazing to see Kit come to understand that.The characters are entrancing and dimensional, the setting is described in an honest prose that only shows Speare's love of New England.It deserves its Newberry.",
0,save your money,"save your money. go to the library and read it there. spend five minutes and you have the miter angles you need- out of the whole book that is all I took away. If you want to buy a copy buy it at Home Depot- same price but, the book is in color with much better pictures and in more detail. I feel ripped off.",
1,My first Pratchett book -- I'm hooked!,"A well-crafted, sharp-witted tale that will be especially appealing to anyone who has ever read Tolkien and his ilk. Discworld is at once absurd and complex, yet held against the fabric of our reality, it's just as plausible. I'm hard pressed to think of a more likable character than Corporal Carrot. The modest anti-gun message was subtle enough to remain unobtrusive.",
0,Definitive of what?,"A bad idea?I agree with Kireviewer, if you care about the music, it's hard to get past the dumb opening, a host who even Will Rodgers couldn't like, a set apparently built in a high school shop class, and the many annoying interruptions. They took a too short concert, and turned it into a bad, too long music video. I guess the mindless filler was necessary to get the length up to the claimed 1 hour. The music is OK, but it was neither the band's best period, nor their best work.",
1,Much needed,I bought these to go with the Jawbone 2 because the ear piece they use will not stay in your ear and the loops that go over your ear just does not fit.These are great and they set in your ear nicely.,
0,The Third Secret: A Novel of (not that much) suspense,"The Third Secret is another entry in the Vatican intrigue genre. It has the usual elements: Vatican conservatives the usual bad guys vs liberal Catholics the usual good guys. The ""Third Secret"" refers to secret revelations given to Marian visionaries at such places as Fatima and Medjugorge, the existence of which is historical fact. If there is any suspense in the novel, it is not with the plot which is remarkably predictable and derivative. The only thing that kept my interest was waiting to find out the actual content of the third secret(s), at least according to the novel's author. In the end, these proved to be rather predictable too, given the author's religious inclinations.",
0,there was no entry for zero stars....,"Bad, bad, stupendously awful! Really bites the big one. That's probably what Leonard Pinth Garnell (sp?) would have said on the old Sat. Night Live show. What a big disappointment this film was. We are huge fans of the original, and went to see it with high hopes. It seems that most of the rest of the viewers felt the same way; people were restless, chatting and getting up to get more snacks. When Owen Wilson loses his head, instead of screams, the theater filled with sardonic laughter. Neeson phoned his performance in, Lili Taylor was wasted, and Zeta-Jones, well, as an actress, she is very pretty.",
1,Good Up To 12 lb,"This is an excellent diaper until my baby reaches 12 lb. After that, it leaks at night because it gets saturated. I wish Pampers makes a size 2 instead of a size 1-2. Size 3 looks so hugh so my baby is now using Swaddler size 2 instead.",
0,I made better recordings in my garage,I was expecting a lot more when I bought this CD. I was expecting studio quality demos similar to Metallica's Garage Days. This CD is litterally a compilation of poorly mixed cassette tape recordings. Quality is very bad.,
1,great at keeping your mug warm,"Love this little warmer! It's great at keeping bottom of the mug warm, keep in mind you might have to shake the cups a little to warm up the whole cup. However, don't expect to warm up a cold drink.",
1,You must get this soundtrack,"There are two soundtracks for this movie, get this one. Yes, it is a bit more expensive, but if you want to get the full expierience of an incredible soundtrack with even more incredible talent performing it, then this is an absoute must!",
1,The Best Book In The World!!,"I have read over 100 books, but none as fabulous as this one. I know, I know, it's just a pony pals book! But this book had real meaning. I don't know why Angela or whoever is complaining about nothing bad ever happing to them, because that was exactly what happened in this book. The Pony Pals go away to a riding clinic. No one has ponies, the other girls are rude and the owner is snobby. Her daughter is secretive and always upset. Then the pony pals find out that Shelly (the lady's daughter) once owned a pony, but everyone always pressured her to trade her pony for a horse and go to lots of shows. Then the pony died and no one was upset but her. Angry with everyone, she decides not to ride again. Can the pony pals help her and her mother? Read the book and find out!! This book was very touching and helped me realize that ponies are just as good as horses, if not better.",
1,"Great Effects, but not spectacular.","This movie was long and I had a hard time hearing some of the dialogue. The effects were amazing. The acting was ok, and the story was promising. There were many strokes of genius in the movie, but is not worthy of a 5th star.",
0,a lot of useless information (within the total of 754 pages),"This is the kind of book which asks to be read for hours and hours AND then you go on double check on the internet. E.g. the list of hotels in Santa Cruz refers to the type of traveler who loves to spend more than $250 per night - tripadvisor.com offers a different picture...While planning a tour I'm looking for a tour guide which gives me distances on the map, smaller maps with an overview about an area or town (not only for SF or Yosemite) and more background information than the frequent use of adjectives (""breathtaking"" ""the world's most spectacular"").There is a lot in this book BUT...",
0,You get what you pay for.,One of my Pioneer speakers broke so I took the cheapest path and bought Jensen. I should have known better. The magnet on the Jensen is 1/3 the size of the one it was replacing. I installed the one speaker and before I installed the second one I decided to try it out. Not only did it sound terrible but it blew within five minutes. Keep in mind that I have a standard Kenwood 40x4 head unit without any extra amp and I had it turned up up about three quarters. This speaker is week and as I stated in the title you get what you pay for.,
1,Unbelievable game!,This is the most mindboggling game that we have ever played. We finally got to the point that we thought Radica could actually hear what object we were thinking of so started to write it down. I bought some to give to both adults and kids age 10 thru 22. Would recommend this to anyone.,
1,Moving Stories,"This documentary really pulls on the hearts strings. Billy Graham's granddaughter, Cissie Lynch, does an internship with Samaritan's Purse program ""Children's Heart Project."" I didn't know Samaritan's Purse had other programs! This project is not only providing medical attention to these children who can't get it in their own country, but they are providing the spiritual aspect as well. These patients and their families get to hear about Jesus! We need to keep these families and this program in our prayers. This is a project I can support! Very inspiring video!",
0,They get an extra star for effort.,"I guess it isn't really fair of me to slag this group off completely, as I have never listened to one of their albums in its entirety (I can barely bring myself to sit through half a song, let alone half an hour). So they get two stars instead of one.I just don't like anything about this band. The music itself is monotonous, and the frontman's voice irritates me. As for the hard-hitting political lyrics, I could probably write better:""The government is bad.""""They lie.""""Arrrgh.""Pass this up if you have any respect for your eardrums.",
0,Somewhat boring and childish,"I bought this based on the reviews. Upon viewing the first few episodes, I found the stories to be boring, silly in spots, and lacking in reality. The characters comprising Robin's little band seem to be a little dense and bumbling. Scenes of people sitting around accompanied by music playing are not appealing to me. I intend to watch the rest and certainly hope the stories improve.",
1,"It's Entertainment, Folks","I am so tired of reading reviews from people who think every movie should be an artistic masterpiece, or at the very least, should have a poignant message. This is one of the most entertaining films my wife and I have seen in a long time, and none of the people involved with its production have anything to apologize for. It unquestionably delivers exactly what Bruckheimer, et al intended, and it does not pretend to be anything else. If I wanted something artistic or meaningful, I would have looked for word ""Miramax"" on the outside of the box - a studio that has made many wonderful movies, but not the type of high impact, SIMPLE fun Jerry Bruckheimer and the late Don Simpson have delivered so well. Sometimes, it's just what the doctor ordered.Turn out the lights, turn up the volume, break out the popcorn, have a few drinks, and enjoy...",
0,Where was the editor?,"Technically this was an exercise in tautology, and albeit the author admits that they are events not presented chronologically/linerally, the whole thing came off as a repetitive scrapbook of free associative ramblings. Cultural allusions were off and revealed just a shallow dip into areas of interest; just deep enough to create a character for a sexual fantasy.Every D/s relationship defines it's own perimeters, but this is the most silly top from the bottom (with a side of kink) i've ever read. Any girl who needs to prover her worth and devotion by degrading any and all around her isn't creating a deeper bond of submission, but pathetically wallowing in a misplaced sense of value (with a heaping side of self-image issues).",
1,The Best Book In The World!!,"I have read over 100 books, but none as fabulous as this one. I know, I know, it's just a pony pals book! But this book had real meaning. I don't know why Angela or whoever is complaining about nothing bad ever happing to them, because that was exactly what happened in this book. The Pony Pals go away to a riding clinic. No one has ponies, the other girls are rude and the owner is snobby. Her daughter is secretive and always upset. Then the pony pals find out that Shelly (the lady's daughter) once owned a pony, but everyone always pressured her to trade her pony for a horse and go to lots of shows. Then the pony died and no one was upset but her. Angry with everyone, she decides not to ride again. Can the pony pals help her and her mother? Read the book and find out!! This book was very touching and helped me realize that ponies are just as good as horses, if not better.",
0,Don't be fooled this is just a documental,"No one song complete, just short clips and explanations about the making of the album, nice but not for a dvd, at least in my humble opinion.",
0,Requires too much strength for toddlers,"The springs on this toy are extremely tight, making it very difficult for babies and toddlers to operate. Althouhg it is nice to see dinosaurs instead of all the other familiar characters, all of the other pop-up boxes I've seen ""reward"" the child by popping up with much less hand strength required.",
0,Bad Diapers,"We have been using Pampers Cruisers, I got these by mistake. These are not anywhere near as good as the Cruisers.",
1,"Interesting book, a little more detail would be nice.","This book did give the reader some very interesting facts and folk lore about archaeological discoveries that could prove the existence of superior ""giant"" races in the Americas. The only thing I did not like about the book (except for the grammatical errors), was that the author would mention some dramatic event (such as the discovery of giants' bones in a mound) and leave the reader hanging after a couple of paragraphs about the find. This book could have easily been an entire set of volumes, should everything have been explained in detail. Overall, it was a very interesting book leaving the reader wanting to know more about certain discoveries and theories within the book.",
0,Nuh uh...,"I could not get passed the fact during the whole movie that it was Love Hewitt ACTING as Audrey. I did not get into the role at all. The accent was off and everything. I spent the whole 3 hours sitting there not watching the movie, but only pressing pause during the commercial; thinking I might actually want to watch it later. They better put one of Audrey's other movies on the DVD along with it in order for me to buy it.",
0,A wonderful teaching aid,"This is one of the most helpful books for teaching that I have found. Spurgeon is known as ""Prince of Preachers"" and he really is a great teacher. I an certanly thankful He left some of his work for us to use. His ancedotes are great.",
1,When He Wrote Plays,"American playwrights aren't good at creating a career of playwriting. Why, I can't say. They write dynamically for a given period and then off they go into putting the holy bible on stage or some such epic. They become mystics, like Allen Ginsberg. Shepard wrote plays for a while and then, I think, Hollywood put the zap on him and he was gone. His occasional pieces today are weak imitations of his former self. Money and fame may be responsible. Who knows? Here gathered in a single anthology are the key works, on which his life's reputation rests. ""True West"" sets the stage: we have real dramatic conflict, exciting dialog (of the sort last heard in Albee's ""Zoo Story""), and high theatricality. The rest of the anthology is well worth reading, but for my money Shepard wrote a fine short play but his long and longer pieces are less interesting. Shepard has said in interviews that he sees plays as an outlet for ideas. The problem as I see it is that he has none.",
1,love it,Book is a great read. Intriguing from start to finish. Cant find anything wrong to say. Would reccomend for beginer to advanced readers.,
1,Pellegrino is the best.,"I love Charles Pellegrino. I read this book four years ago and have read other books by him which possess the same brilliant scientific analyses yet contain an intimacy of the subject rarely found in nonfictional books. I could easily imagine standing beside him looking over the water in sorrow. Although the movie was truly outstanding, it cut some of the most crucial scenes out (the radio controllers). READ the book to find out what the movie missed!!",
1,Exactly what I needed to know and learn,"The gentle and effective manner of description, example, and exercises combined to nudge me into dealing with spiritual blocks (particularly effective was the forgiving exercise); her style helped me recognize the psychic already inside me and then nurture it into its first few stages of cognitive development. I don't know how many times, I inwardly responded with ""Oh, so that's why ..."". I cannot express how grateful I am that it entered my life and how grateful I am to Sonia for sharing herself so openly and lovingly.",
0,"well, I'll never get that time back","If you're looking for some insights into fashion and/or the fashion world, look else where. I thought I'd gain some insights to the world of fashion (an area of life that I'm not famailiar with) but I was very disappointed. Nothing but nothing in this book had to do with fashion, the fashion business, nor the intellectual exercise that goes into fashion. This was simply the rambling lifetime memories of a well respected player from the fashion field. Childhood, young adult, married, Europe, here, there, everywhere... if you like name dropping (and I admit she did drop some impressive names) - this book is for you. If you're looking for some insights into fashion and/or the fashion world, look else where.",
1,It was great!,"Forget what the naysayers reviewed. It brought me back to my childhood. I thought it had a good enough plot. Action was outstanding, and Optimus Prime's voice is the same as when I was a kid some 25 years ago. Those bits of nostalgia coupled with modern day CGI fulfilled this geek. And what were you expecting Shindler's List? L.A. Confidential? The first time you saw Sixth Sense? It's mindless fun and this fanboy was all for it.",
1,A great choice if you're looking for something simple,"Very simply, with few words, this book explains that there is a beginning and an end. In the middle is life. Beginnings and endings are going on around us all the time. For plants, animals and humans too. Everything has its own lifetime, some short & some long.Doesn't overdo it in sentiment or with pictures. There is typically 1 pictured item per page, not a lot to look at. This is perfect for the premise of this book staying simple & too the point.",
1,Long Live Mario Brothers,I bought this for a friend. She really liked it. I like her. Everything's just fine.,
1,Review For Mr. Puntel,"Having read ""A Philadelphia Catholic In King James' Court"" I received a better picture of the Catholic Church. I saw how different groups view the bible, and the contradictions that become present in the Fundamentalist interpretation of the bible. I found it hard to stop reading. At some points I found myself laughing at the arguments being made by Luther and Pastor Brown. I realized that there really are people in the world who act like this. Mr. Kennedy wrote a great book that taught me a few things, and inspired me to read more about the Catholic faith. I really enjoyed the book.",
1,Really good and even interesting for adult viewing.....,My 5 yo got hooked on the Olsens by watching reruns of Full House on Nick and ABCFam. So I got a couple of videos for her to span the divide between her Dora years and whatever comes next! This is really a cute movie that even I enjoy watching several times over. I can relate to the parental roles and she can relate to the soccer and girly stuff. This led me to make more purchases of the video series and I hope the rest are as good. A nice relaxing watch!!,
1,Almost as good as they say,"I have had two Ionic Breezes to help with family allergies for over a year and for the most part they work great. One stopped working and they sent a new one without my having to send back the broken one first! My complaint is that I have to clean the one in the living room at least weekly, rather than monthly as the company says. This may be because I live in New York City and keep the windows open, bringing in lots of dust. And I have a cat. Clean up is pretty simple and fast. The machine is indeed silent, it removes lots of dust and is inconspicuous. I think it improves the air quality quite a bit, of course, more when the windows are closed. It has helped a LOT with our allergies.",
1,Great product,Looks and fits great! My son is in high school and these are a part of his uniform. He loves them....,
0,"Started well, then...","turned into a totally different story. I liked the beginning, but closer to the ending i could not believe that was the same book. There were good ideas that were abandoned by the writer, and the characters acted stupid most of the time.I do not reccomend this book.",
1,<oh my god it's DIIIIIIIIIIIIIIIIIIIIIPPP>..I LOVED IT,"this movie deserves more than 5 stars..i was laghing my head off when i saw it,it's more than funny,i realy realy loved it with all my heart",
0,A talking head doesn't equal a writing head.,"Big disappointment. I saw Brokaw on the talk shows and had high hopes for The Greatest Generation. But the author's dry, uninspired writing style made reading more chore than pleasure. I soon found myself skimming. I can recall only a few of the chapters. As a more readable subsitute, I recommend the similar book by Studs Turkel called, I think, The Good War. It was told in the words of the subjects themselves.",
1,GET THE DVD BY ALL MEANS,The DVD has one of the best director's and actor's comments I have ever seen on a DVD.McLellan's performance is beyond positive description (did I spell his name right?).,
1,Great Christmas Classic,"I used to watch ""A Charlie Brown Christmas"" every year as a child and now my kids love to watch it. Even now, I'll sit and watch it with them-anytime of year. More importantly, this Christmas story emphasizes the true meaning of Christmas-something I'm happy to have my children watching.",
1,Very good for the price,This boot fits to size and is comfortable. I would purchase again. I use to purchase boots from LL Bean.,
0,of mice and men,I SPECIFIED I WANTED THIS BOOK IN HARDCOVER AND THE JERKS SENT ME A SOFTCOVER. iT IRRITATES ME TO PAY FOR SOMETHING I WAS TOTALLY AGAINST AND SPECIFICALLY ASKED NOT BE SENT TO ME. i WILL NEVER USE OR RECOMMEND THIS BOOKSTORE. gOOD LUCK TO OTHERS WHO OPT TO USE THEM,
0,Another Warners Archive Collection Bust,"As with They Only Kill Their Masters, another recent purchase, this DVD is from the Warners Archive Collection. Here is the statement from this website concerning this title:Important Note: This film has been manufactured from the best-quality video master currently available and has not been remastered or restored specifically for this DVD and Digital Download release. Click here to preview this film's video quality.Had I realized this fact, I would not have purchased this DVD from Amazon.",
1,I Love this watch thanks amazon !,This is a beautiful citizen eco drive watch. I am always getting compliments on how nice and shiny it looks. When I first received the watch I had to charge it in the light for about 2-5 minutes for an initial charge and it worked like a charm. The next day I went to work and left it where it would get plenty of sun so the battery could get a full charge. I've had this watch for about a month and so far its been working great ! If you are tired of buying watch batteries get a citizen eco drive. Amazon saved me a tonnnnnnnn of money because I have seen these watches in the department stores selling for $300-500. Amazon does fast shipping and the watch came in a beautiful green case with green velvet on the inside. By the way when you first get the watch make sure to expose it to light for about 2-5 minutes if it isn't working right out of the box. two to five minute charge should last 4-6 hours and a full charge should last 200-250 days.,
0,WORTHLESS,"THIS IS A TYPICAL ""BS"" PRODUCT! IT DOES NOT DO ANYTHING TO CURE THE WARTS, SO I DO NOT KNOW WHAT IT IS FOR. DO NOT BUY IT",
0,Stop! You can't get Amazon Prime videos on this!,"Stop! You can't get Amazon Prime videos on this! It's also has linking problems that TiVo kept sending me to Amazon for, and Amazon then just showed me how to fix it on my TiVo, when TiVo could have told me. And they charge a monthly fee. Roku has no fee, it's cheaper, and easier to use.",
0,great american spice company,"stay away from Great American Spice company. They don't answer their 888 number, local number or emails. They have been investigated by their state attorney general for not shipping items. They settled.If they don't care about their customers ask yourself why should you buy from them.",
1,Awesome Rice Cooker,"I've had dozens of rice cookers over the years, I only wish I had gotten this one sooner. So nice not to have to throw away rice when it's only a few hours old. Well worth the price!",
1,Real Tight,A real tight C.D. In my opinion two times better than his original with better production and better lyrics. A couple of tracks were sleepers but without a doubt worth picking up when you see it.,
1,A revelation of life in small town America in early 1900s,"Though a scholarly biography, the book reveals much more about life in a small mid-west America town at the turn of the century than many other biographies or novels. Well worth reading for an insight into ""news"" that didn't make most newspapers but which was true in revealing life, the book is nicely crafted and the author writes with a knowing touch.One would wish for more intimate details of the subject's life, but he was a private man, kept no diary, and did not tell his innermost thoughts to his family. The book, however, succeeds, because it reveals the town, Lamar, MO (which happened to be President Truman's birthplace, and where Wyatt Earp had been Marshall and where the Earp kinfolk lived on) and some of the foibles and fancies of American life. I hope the author writes another book soon.",
1,a must for every collectiom,"This book just cries for a continuation. once started it is difficult to put down. I am lucky that i have the orginal paperback edition, that despite many readings is still in good condition. It helps if you know a bit about Indian religions.",
0,Not impressed,"I am sorry to say that I gave up on the book. I tried and even read some very intellectually capable folks reviews to see if I was missing something. I came to the conclusion that an individual who rarely reads fiction and who is an engineer by training could probably never ""get"" something like this book. It almost seems that the technique of the writer fascinates many of the readers perhaps more than the substance. The magical realism style is too much for me. I regret I could not finish Nobel prize winning author or not- maybe at some future date I will go back and try again. Sorry ----",
0,I liked it at first,"It was a pretty good camera until it stopped working. One day I turned it on and it started beeping and flasshing an eject tape message. But you couldn't eject the tape and the camera would not respond to anything. I had the camera just over two years when this happened. Luckily I purchased an extended warranty at Best Buy. Best Buy sent the camera to Canon for repair. Canon would not repair it because it would be too expensive so, Best Buy gave me a new camera. And I was allowed to get a different brand, so I went with a Sony Handycam.",
0,PRETTY GRAPHICS BUT A WASTE OF TIME AND MONEY,BAD. NOT A GOOD BAD . JUST PLAIN BAD.PEOPLE RUN BACKWARDS AND WEAPONS FLOAT IN THE AIR.THERE IS NO THINKING TO DO ON A MISSION AS LONG AS YOU KNOW HOW TO PULL A TRIGGER.MISSIONS ARE TOO SHORT. A LOT OF EFFORT PROBABLY WENT INTO THE GAME BUT IT'S STILL JUST PLAIN AND UGLY BAD.,
0,"Almost All Fighting, Next to No Interesting Dialogue","This movie is essentially a 2-hour fight scene with about 20 minutes of half-interesting dialogue and story sprinkled in. Terribly violent and uninteresting. Honestly the most fighting I have ever seen in any movie (including Matrix Reloaded). I wholly regret the $1.99 I spent to rent it. Unless you want to see endless stabbings and blunt force traumas, do not see this movie.",
1,Great Book,"Clan of the cave bear is about a Cro-Magnon girl named Ayla. She is orphaned during an earthquake as a child. When she is attacked by a lion she is found nearly dead by a clan of Neanderthals. She is nursed back to health and is adopted by the clans medicine woman.Clan of the Cave Bear ( as well as the future books in the series )is thoroughly researched). The story is based on actual archealogical findings. The character Creb is a medicine man who has severe physical deformities. An actual neanderthal skeleton was discovered that apears to have the same deformaties that Creb has. The story is fictionalized but it is amazing how they cancreate a culture based on a few artifacts. Since there is no written record, ""Clan of the Cave Bear "" is as close to an actual ethnography of early modern humans as you can get.",
0,Very Unhappy!,"Batman Begins (Limited Edition Gift Set) [Blu-ray]I was all ready to watch this Blu-ray movie on the night before Dark Knight opened. When I put it my Sony Blu-ray player it would not play. I later read on the box that some Blu-ray planers need to be upgraded to play the movie. Amazon should have told me about this before I bought this item. Blu-ray players are still very costly, so I am very upset.",
1,Best Anime Ever.,"This easily qualifies for the ""Best Anime Award"" for the romantic Anime scene.Buy it and the soundtrack. You won't be disappointed..",
1,"TOTALLY UNIQUE, COULDN'T PUT IT DOWN. BRILLIANT!","I loved this story and am sad to have just finished the last page. Maggie Osborne is a brilliant storyteller. Her heroines are unforgettable, strong, funny, and completely real. She paints such vivid portraits with her novels. Lady Reluctant has risen to the top of my favorites by Ms. Osborne. It's everything one wants a romance novel to be and more....I rarely laugh out loud while reading and this book did it to me! Get this book and enjoy...it's a great adventure that will have you longing for more.",
1,Essential reading for EVERY runner!,"Chi Running is the best - new read for running. Having hip problems and subsequent difficulty running I was about to give it up when I learned new running techniques from Danny Dreyer's new book, and DVD. I am using his advice and teachings in other aspects of my life. This book is a quick read, and a life's study. I have been back to the book dozens of times and feel the benefits daily! Buy this book.",
0,very disappointing,"The description of JonBenet Ramsey case is very lengthy, detailed and so boooooring (already known from the media !)The ""psychic part"" of this chapter is short, just 2 pages. Short and disappointing, author writes: ""I don't claim to know who did it ...""That's it.",
1,Admirable!,"Based on her theosophic and new thought principles, these poems had tremendous influence on helping people to come into a sense of personal power and independence. Truly a most inspirational woman!",
0,Rashes and pee crystals,"This may be a kid specific thing, but little man got a terrible rash shortly after switching to Pampers. AND, diaper tearing - resulting in pee crystals. A HUGE diaper pet peeve of mine. Back to Huggies we go. :(",
0,What a Disappointment,"A few helpful hints among 160 pages of wasted space. Not a solution in the book. Nice pictures, but not practical for the family looking for storage and orgainzation ideas. Even the choice of font and layout make this one difficult to read. If you are looking for a practical home orgainization book (I was looking for a home office organization book), skip this one.",
1,I've saved $ already!,"Enjoyable, easy to read book. Great investment, tax and cost saving tips. Useful examples, both good (profits) and bad (losses) taken from experience. Lots of historical facts about stock market history. Well worth the price. I don't feel the book is the only book you'll ever need. Took about 6 to 8 hours to read.",
0,overpriced and bulky,"I purchased this rack because it looked modern and cool. When it arrived, I was disappointed to discover how big it is. Even when folded, it takes up a lot more space than other racks. Since I have a small car, space is important to me and I don't want a rack that won't fit in my trunk or my closet.Also, the straps required a lot of effort to adjust and I could never get it really tight.There are better racks that are much cheaper, so I would recommed looking elsewhere. I exchanged this rack for an Allen Ultra Compact.",
0,Doesn't get to the meat of things,"I'm a huge fan of both the film and the author (check out his music!) but was pretty disappointed by this book. While Jaworzyn's choice of quotes (it's told 'oral histroy' style a la Please Kill Me, etc) certainly gives insight into things such as the process of making the film and the now legennadry financial fallout that followed, very little is told about the characters or the script. The detailed descriptions of what exactly went into filming border on the academic and may bore the bejeezus out of anyone who doesn't already have a background in filmmaking. There is very little information on the writing process - maybe it's just me, but I would have preferred to hear who inspired the Hitchhiker character, for instance, than read pages about foreign licensing and shady deals.",
1,Kung-fu fun,This movie is better than I thought .... It's more Kung-fu comedy than anything. Usualy the charactor Wong Fei-Hung is a bit to serious and stiff. To see him in a comedic setting is quite refreshing and him dressed in a chicken suit fighting the centipede was hilarious. I enjoyed it so much that it's now a part of my Jet Li movie collection. The man is a versatile actor and very good martial artist.,
1,"Great work, but...","Art Tatum's playing on this album is truly amazing. It displays his virtuosity on almost all tracks. With long, running lines, and fast technical playing, Tatum is truly a genius. However, the sound quality really turned me off when I was first listening to the record. Its hard to not notice the fuzz, and if I feel that the record deserves a 4.5, nothing lower, which is why I rated it a 5.",
1,Great Text.,Finally a text that goes beyond the high school like documentation packaged with Tomcat. I found everything I needed. I especially found value in the Chapters on deploying other Jakarta technologies into the Tomcat container.Great text.,
1,Keeps my baby nice and dry!,"These are a great price. Keep my son dry. Could not be happier! I also highly rec joining the ""Mom's Club"" and you save a lot of money :)",
1,"Now, The Rest of the Story","I knew there was something missing from the first book when I read it, because it didn't match what I heard her say years ago when she came to my church to speak. Now I know, the abuse was so difficult for her to talk about even when she wrote a book about it. Later, with the help of a trusted friend, she was able to tell the most difficult and abusive parts of her childhood experience. This what the second book is about. The most wonderful thing about Dorie, is that she is able to forgive her abusers and move on with her life. She is still able to have a successful and happy life, in spite of the horrendous abuse of her childhood. This is what so many women need to hear. With the Lord's help, it is possible!",
0,I'm left feeling sour...,"I thoroughly enjoyed the book! It was quick paced and gripping. The problem was when I put it down... I felt sour -- like I'd been cooped up on a mountain with a bunch of bumbling idiots for three weeks... That was what stuck with me... Could that have been the whole point of the book??? To convey that??? Wasn't there something more important to convey? Like Kocour's experience with the mountain, or more importantly, with herself? I wonder if she feels sour, still...",
1,I like em!,Put a set of PIAA headlamps on my Ford Ranger and woke up the night! Not too bright as to annoy on coming traffic but waaay better than the stock lights.Big Jim Miller,
0,6 foot not 6 inches,Amazon sent wrong cable to me twice... the picture and description clearly show a six inch cable. Original order and replacement were wrong.,
0,Bait & Switch - Completely misleading picture,"I too got taken in by the ""coiled"" picture. I got a curly cable, not the straight cable pictured ""in a coil."" Completely misleading, I lost my $3.99 that I paid for next day shipping from Prime as well! Total bait & switch. I didn't read the one review on it. Now there are two. This cable is actually about 2 feet long with the coil.",
0,"Terrible DVD, ok movie","The quality of this DVD is bad; that's being kind. It's a full-screen movie transfer, which some people actually prefer because they like to miss a lot of the movie. Also, the transfer is very grainy.The actually movie isn't that much better. You see what could have been, but instead they try to throw around a few twists just because they think they should. Uma Thurman is wonderful. That's about all this movie has to offer. Very DUM ending.",
1,Fun!,Got this and several other styles for Christmas and this one is great. It gets the answer 95% of the time. Even my little grandkids like it for the sparkly lights.,
1,"Mill-ing Around, Merrily","I got this album long ago and have never regretted it. It IS my Christmas album (vinyl) that I use throughout the season. The perfect, blended harmonies of the Mills Brothers, the retro arrangements, the classic Christmas tunes, done with such mellow aplomb always amplify my Christmas mood. It oozes class. I would recommend it to anyone wishing a good, Christmas album, but especially to those audiophiles who appreciate the feel for going back a little in time, to our younger years and reminiscing about Christmases past and the good ol' days.",
1,great carrier for distances,"We just finished with a trip to visit family and it worked great. Around 500 miles each way.It took about an hour to get it adjusted so I could get all 4 bikes on at once. After that, everything was set and I loaded 4 bikes in 10-15 minutes. I'm sure I'll get even better.The only improvement they could make would be to have two posts with more space. The middle 2 bikes fit really tight so you have to put them in just right. It was harder because my son has a BMX style bike and our daughter has a similar bike with 16"" (I believe) wheels. Those fall through the mounts, but it stays in there securely anyway.My arms don't lock in the down position very easily, but I only use that for storage so I'm not worried. I'd probably buy it again, especially for the price.",
1,"great movie, movie is longer than 2hours",this is a great movie its not 40yr old virgin funny or knocked up funny but its a pretty good movie alot of famous ppl in it has alot of good funny parts 2 it. the only reason i think its not really funny is because theres none of those funny parts like knocked up of the 40yr old virgin has. dont pay attention to the reviews rent the movie or something if u like it buy it.,
1,A very emotional book,"I enjoyed this book and i think that most people would enjoy reading about the hardships, struggles, hopes and dreams of two men during the great depression. After reading this book I felt a greater appreciation for the people who lived during this time. The book was very inspirational tome. I loved how the book made you connect with the two characters, George and Lennie, and thier hopes for the future. This book was short in text but huhe in emotions and feelings of all the charchters. Although some times I will admit that the book exaggerated the sensitivity of the character Lennie the book was still good in the fact the plot made sense with a cast of realistic characters. The ending of the book is a real life ending that wasn't far fetched. They made the events believable which causedmany emotions to stir inside you anger, fear, suspense, sorrow, and happines just to name a few. You really connect with the book. That's why I highly recommend this book.",
0,Poorly Made DVD,"I'm glad I rented this one first, because image quality was horrible. I popped the disc in my PC to take a look, and discovered the movie was only 2.8GB. What was Paramount thinking? A DVD can hold 8+ GB. The more space that's used, the higher the bitrate. A low bitrate results in poor image quality. So, what we get is a DVD that's nearly empty, and a highly compressed mess of a movie. Thanks for nothing, Hollywood.",
0,overpriced/uncomfortable,These bra inserts are very stiff and tend toslip out of place on your shoulder----they arerather heavy/bulky and more uncomfortable thanhaving a bra strap dig into you! I have sincefound lightweight ones that stay in place allday and were $1.99 a pair--(commonlyfound in the lingerie sections of most dept.stores).,
0,"It really had potential, but....","Although I am an avid Anne Rice fan, I initially bought this book because the back cover proclaimed it to be ""the modern Story of O"". Since Story of O is one of my favorite books in the genre of erotica, I just had to buy it, but then it seems that such sweeping claims hardly ever turn out to be true.... The book starts out strong, with intensely erotic scenes focusing on Lisa and Eliot and the beginnings of an interesting love story, but as the book progresses the characters seemed to become less and less realistic: by the time I finished it, I felt extremely unsatisfied. If you're an Anne Rice fan, this is a good book to read, if just to see how she fares in a genre other than horror, but overall there's much better erotica out there, and this book definitely does not live up to its claim of being as good as the Story of O.",
1,Wow! Back in print at last!,"Like most fans of this book, I first read the trilogy when I was in my teens. I was awed-- it's amazing the way that the author was able to construct such a completely unjust society, and then turn around and make such a compellingly strong case in its favor. (Saying any more would completely give away the ending to the first book!). A must read. The truly amazing thing is that, after searching for this book for literally eighteen years, I have found it to be every bit as powerful and provoking a read as it was all those years ago... it's lost absolutely NOTHING over the years, unusual for a science fiction book to seem fresh and relevant after so many years. I hope this review helps you, if you're wavering then just go ahead and make the purchase. You won't regret it!",
1,GREAT,"For the price, u cant beat this deal. the adapter works perfectly and havent had any problems whatsoever. Only thing is u HAVE TO USE THE WIRELESS UTILITY that comes with it. other than that, the thing simply WORKS.",
1,A good read!,"The autobiography of Benjamin Franklin is an interesting one. Telling about the life, accomplishments and thoughts of one of the most important people in American history. Good for Kindle too.",
1,need a good laugh?,"this movies is one of the funniest movies i have ever seen. i watched it 3 nights in a row once. some times when i didnt have the best day i watch this because it always makes me laugh. this movie is funny, yet it can touch your heart. its about a girl who lost her short term memory in a car accident and a guy who makes her fall in love with him every day. you gotta see this!",
0,Flawed Design.,"My 10 month old lab chewed through this product within five minutes of his first walk. Thank god for the safety connected to the collar or who knows what would have happened.The design has a strap that goes right over the side of the mouth area. As the dog opens and closes their mouth, the strap goes tight and slack. When the strap is slack, the dog can chew on it. I would say that this is a major design flaw on a product designed to restrain your dog while on a walk.I wouldnt say that my dog is particularly bright so if he can figure this out within 5 minutes on his first walk I'm sure any dog can. If you are going to buy this, please make sure you attach the safety strap to the collar.",
0,Don't waste your hard-earned money,"This book is an absolute waste of money. I have more than three years of programming experience in procedural languages like COBOL. I am familiar with C. I am familiar with basic OO concepts. I thought I was an intelligent and competent programmer. This book did its best to destroy my confidence.To be frank: this is the worst programming book I have ever come across. It gives you half baked ideas, and keeps them that way. Before a concept is fully grasped, the author goes on to say something else in an equally vague manner. If you can find even one single concept clearly explained in this book, you are lucky.Bottomline: This book is great for you if your ambition is to drop a few heavy-sounding technical terms in a gathering of programmers who are not so comfortable with Java. If your ambition is to learn and master a new language from scratch, look elsewhere.P.S. The sale of this book is a classic example of what media hype can do.",
0,HOW DISAPPOINTING,"That is all I can say - you get what you pay for is clearly underrated - you buy sheets for under 10 dollars - what on earth was I thinking - well, I got paper thin sheets that I hope make it thru the first washing -will use them as emergency sheets for guests that want a place to crash - will provide toilet seat cover-like protection against the mattress and who knows what it will feel like next to the skin!! Warning - Caveat Emptor!",
0,Great music and instructor but hard to follow dance steps,"I bought the Donna-Mite tape based on the previous reviews and was very disappointed. While I loved Donna's personality and enthusiasm and really like the music, I found the tape VERY ""dancey"". Perhaps I'm a major klutz, but I just couldn't follow the steps. Every time I caught on, they'd move on to another step.",
0,waste of money,"This book is a complete waste of money. It contains no information that a reasonably intelligent man (or woman) couldn't easily figure out on his or her own, or discover on internet dating sites for free. The authors are believers in astrology, and devote a substantial chunk of the book to providing astrological information. As you can probably tell, I do not believe in astrology, but despite that, the astrological information in the book would also be very quickly available at no cost to any minimally proficient Google user.",
1,Great Book,I love this book even though the ending confused the heck out of me. C.s. Lewis did a great job of retelling this myth i had not heard of this myth befor until i got to the end of the book where the author tells you about the real tale and how he changed it he did a great deal the tale and he changed it for the good wich made the whole character change and gave her a different out look throughout the whole story in the real myth the main feelings of the character was jealousy twards her sister psyche and in the myth retold the feelings of jealousy arent twards her sister Psyche she feels anger twards her sister at times and she feels that her sister does not lover her anymore because she wont come home to her. This tale has many twists turns ups and downs like a roller coaster and if you miss something you might not get certain parts of the book. I still think I need to read it again. I hope this might of helped and I hope that you enjoy the book.,
1,Excellent book for those who own companion lovebirds,"A visit to my local library yielded many books about breeding lovebirds, with little focus on the pet owner who wished to keep a single lovebird just as a pet. This book was a lifesaver! It was thorough, as well as fun and simple to read. I am buying the Cockatiel book in the same series for a friend who owns one because this book impressed me so much!",
0,Pretentious Drivel,"People often rave about how great this album is -- I really don't see the appeal. At the risk of sounding simplistic, this CD is full of pretensious songs for pretentious people. Bad melodies, not catchy at all, very little edge. Awful. There is so much good music out there, I can't fathom why one would listen to this.",
1,A great investment!!!!,I love this show! The soundtrack really brings the best music in the show. It is also very comforting to listen to! This is a must buy! Don't miss this great opportunity to add it to your music collection!!!!!,
0,Not That Good,"I gave this cd 2 stars and I was very generous. Clay has alot of things to be thankful for, mainly the vicious hatred of Ruben which translates into super stardom for him. Just today this runner up had a sandwich named after him at a local restaurant. If Clay was just a young artist just starting out and there was none of this controversy, there is no way this cd would have gone double platinum. I do like the single invisible, but it is not good enough to carry the entire cd. He needs more depth to his voice and to learn that he does not have to scream on every song. These songs are a collection of mushy love songs one blending into the other.I wonder how he feels knowing that it is not his talent that has sent his career sky rocketing, but a very generous case of affirmative action. Anyway he will get richer while we all continue to hate.",
1,GREAT diaper,I have been using Pampers BabyDry for a longtime. My son is 17 months now and it works like a charm. It stays dry for a longtime where few other brands gave a bad smell. This one doesnt smell at all and good quality.I wud recommend this to everyone. ***** out of 5 stars. :-),
0,"Padding, Padding, Padding",I have no idea whether this book has anything of worth to offer because all I found was worthless padding.There was so much padding I had to stop reading a third of the way through.Way overpriced!,
0,review for 1984,I read george orwells book 1984. I didnt really like this book due to the fact it was a total negative outlook throughout the whole book. His prediction of the future was a little to far fetched for me. That book wasnt really my style. I can see this book being liked by many people so I would recommend it due to the fact everyone has different opinions. This book being such a negative outlook of the future just wasnt what i wanted to read about.,
0,Disappointment,"I read this book after it was recommended by Oprah as being considered ""perhaps the best book ever written""! What a disappointment... I slogged my way through it, thinking ""it must get better if it's the best book ever written""... but alas, no, it didn't.I am a voracious reader, and read fro 2-5 books a week. I noticed Amazon recommended ""if you like this, you'll like Catch 22"". I loved Catch 22! I HATED this book! What am I missing here?",
0,Don't buy this gun!!!!!,"I hate this gun. It barely shoots fifteen feet at about 50 feet per second. It looks and shoots cool, but it really sucks. I don't recomend it at all",
0,The Kindling needed more sparks,"This is the story of a group of children left to survive on their own after a virus (hence the series title ""fire-us"" - which is virus in baby-speak)has killed most of the human population.Some parts of the story are interesting. One of the older kids, Hunter, spends a great deal of time searching for food in old stores and houses. The dialogue between the kids, however, is tedious and boring. It is also very difficult to believe that children would end up acting the way the main characters do in this story.If you want to read really good survival stories, then try reading Philbrick's Last Book in the Universe or Robert Swindells' Brother in the Land.",
0,Not Fun!!!!,The Neopets collection is not as good as it seems. You could only play a few games and you cannot do as many things on it compared to the neopets website. this toy is not educational because it doesnt teach you anything and it isnt fun to play with. You play with it only a few days and then you get tired of playing with it that you just leave it hanging around. I dont recommend this toy for anybody.,
0,ARE YOU KIDDING ME??!!,i ordered this item for support being that i have a rather large chest. the item had MUCH more coverage than the picture lets on and came in the size i ordered according to the tag but once i had it on i realised it was 3 sizes too SMALL. when i returned it to the sender the refunded only HALF my money. this item was ordered with one more bra like it and out of my $40 order i got just over $20 back. i plan on disputing this with amazon and the seller.,
0,Fort Apache in Blu-Ray,I am very disappointed in the blu-ray edition of this movie. This disk was made in Mexico. Itdoes not have the original picture ration. It is only 1:49 I owned this movie on DVD beforeI purchased it in blu-ray. The DVD has retained the original movie display. I will probablytry to find someone who doesn't mind but I won't watch it.,
0,It isn't a toy...,"This is a decorative item that, although it's advertized as ""crystal,"" looks a great deal more like pressed glass. It does, however, come with ""lead content warnings"" so one must assume that it is, indeed, lead crystal. But don't expect sparkle -- the item is neither cut nor polished.It's small and pretty, and comes in a cheap plastic presentation case lined with flocked paper and Disney advertising. Still, what else are you going to give to a woman cast in the role?",
1,A learning experience for everybody in the family,"I originally bought this for my 12 year old son, but after starting it with him and then putting him to bed, my wife and I ended up drinking a bottle of wine and putting the rest of it together while planning our future travels to far off places like Tanzania and Thailand. Fun and educational, even for adults. Of course the hardest part was remembering which part was done before the adults took over so I could return the puzzle to the incomplete state my son left it in. He is working on it now ... no wine though. Overall a great educational and enjoyable purchase.",
1,Large!,"Ordered through Amazon prime. Item arrived on time in perfect condition.You may not realize this product is HUGE! It's nearly the size of a container of oatmeal! VERY reasonable for the price, especially considering how much this stuff costs in a small spice container from whole foods.This is my first experience with nutritional yeast. The taste by itself kind of reminds me of those mystery fried chips you get at fairs sometimes.The product was sealed and even I could tell it was very fresh.I'd buy again.",
1,WATCHERS and Watching ........,"DREADFUL DVD AND SOUND ....[shame!] BUT AN ABSOLUTELY 'MUST HAVE'.WALKEN IS SUPERB AS THE MULTIFRACTURED HERO .....quite a tour-de-force and this one is very very chilling since you're [the watcher] never quite sure whether we're in Kansas or not. Last year's ""Signs"" brushes along similar lines - except this one is invasive ...... did they or didn't they ... and are they here or not????DYNAMITE CAST includes the special Lindsay Crouse as Spouse, and Frances Sternhagen as the very perplexed psyc.""Dreamcatcher"" is another clone ... but this one [if it can] makes more sense.WELL WORTH HAVING ..... those chilly New York night time shots and that cabin [sister dwelling to Amityville .......]NOW, just click your Alien ....... there's no place like .....?{Nicholas Roeg's ""Don't Look Now"" makes a terif. double-bill - something different, but also very creepy ~ then there's ""The Comfort of Strangers"" ..... another Walken triumph!]",
1,Lightweight but enjoyable,"A review below lists several stereotyped characters in the movie, and to be honest, that's a fair critique. But Diane Lane is such a good actress, and Tuscany is so beautiful (similar to central California -- now I understand why California is a ""Mediterranean"" climate) that I was able to forgive the clichés and the fact that I could basically stay one step ahead of every plot twist. I only wish that they had shown the transformation of the villa, a la ""This Old House.""OK, so maybe I also wish they had shown a little more of Ms Lane's body. So sue me for being honest.",
1,I finally read it!,"I'm usually not much for science fiction but when I read Mysterious Island and it made mention of Captain Nemo, I decided it was finally time for me to read that classic I've heard about for over 50 years. I found the book interesting reading until it delved into the detailed sea creatures found all over the globe. (I skimmed through those sections because I've never been much into science or botany or biology.)I enjoyed reading the book but the residual effect for me is that now I am left wondering if something like that could actually have occurred in the mid 1800's.",
0,This is not the screenplay,"This is the script for the stage play, which has been updated for modern times. If you are looking for the script for the 1987 film, keep looking.",
1,Tivo AG0100 USB ADAPTER,I wasted time trying a different adapter with zero success. After doing some research I ordered the AG0100 which is the recommended adapter for the TIVO. I plugged it in and communication started immediately. Great product.,
0,Creative could be creative,"I bought this player for my nephew(age15) one year ago. After the first month it wouldn't work. called and they refused a new one, only rebuilt. OK. Sent it back and 4 1/2 months later it stopped playing again. They refused him any replacement, partial payment to fix it, no solution to the problem. I am sitting here with this $179.MP3 player that doesn't work, that I can now get for $119 and am not sure what to do with it. Do I throw it away, can it be fixed(again). I would not buy any Creative product again. EVER",
1,Different.,"Measure of a Man isn't a typical CD, in my opinion. Clay can sing very well, and strong background music isn't needed to cover up anything. The lyrics are clean, beautiful, and well-thought out. I think the CD is brilliant - a very nice change to the usual stuff that comes out.",
1,Helpful in early pregnancy,"I am using this pillow now and about to enter my second trimester. I find the pillow to be comfortable and useful in training myself to sleep on my side. I actually find the pillow most comfortable upside down (with the connected piece at my feet). This allows me to use the side bolsters, elevate my feet, AND use my own pillow.",
1,Careful what you buy,"This item is excellent for the first layer of protection for your video iPod. As the description says, this is not a sticker with adhesive on it, but a ""static cling polymer plastic"", which is very easy to put on and reposition.The front cover covers the click wheel and most of the face, leaving very little open to scratches. The back cover covers most of the flat section, but doesn't extend to the curved section. Mine is going inside of a Speck Products iPod Video ToughSkin, so no worries there.On a side note, beware of the ""More Buying Choices"" sellers who are offering the ""same"" product at $0.01. I purchased one of these first and got a similar, but much inferior product. It had the same dimensions as the Powersupport product, but it was a sticker and was very hard to apply. It was very prone to have air bubbles that I couldn't rub out. Do not buy the $0.01 product and expect to get the Powersupport XA-01 Crystal Film.Enjoy your well-protected iPod.",
1,Worked like a CHARM!,"I do not write reviews typically but this product changed my life! My periods have always been irregular, however I still did not expect them to just stop when I was 25.. I suffered the mental agony of never getting periods unless I took Provera when I decided enough was enough. The wise Internet came to my rescue and convinced me that Vitex could be the solution. I started taking this product once a day (first thing in the morning) for 120 days (2 boxes) with a gap of 2 days when I forgot to pack it on a business trip. During those 120 days, I got 5 periods (spotting, very light to light flow). Then I decided to give myself a week's break... and got my full fledged period. So, so thankful! If your doctor says everything's okay with you (yeah, right) BUT you just need Provera to get your period and fertility treatments to have children, I HIGHLY recommend you try this product. Just give it time to work. Good luck!",
0,Driver Support,No Mac support. Boooo Hissss!No Win95 support? GOOD! Why are you still running that outdated OS anyway? At least upgrade to Win98.,
1,First in the series. Great read.,"If you enjoy anthropology, archeaology, and learning about the first of mankind on our planet, then you will find this entire series plausibe, and very enjoyable reading. This is a series of books that completely holds your attention through every page. Every book is based on thorough research of ancient sites, tools, and other findings that tell us about the people of yesteryear and how they survived the glacier period. The characters are so well presented that they seem real. Each additional novel is a continual saga from the prior book, so continuity flows very well.",
1,the best wart remover!,"I just bought this product...it totally removed my wart on my index finger...i am amazed how fast it took, when i tried other products which took forever and still the wart came back.thank you for making this product...",
1,Is this remastered version?,"What a beautiful picture than I thought before buying this. No computer image, no sfx, natural good old film. I love this film.",
1,Compelling and haunting,"This should have been a classic. I saw it originally in the 70s and decided recently to rent it...I wanted to know if it had the same appeal.....if anything, it was far more beautiful than memory served. the scenery is spectacular, the acting suberb! They don't make movies like this anymore! Pour yourself a nice glass of wine and settle down to a very entertaining movie.",
1,So far So good!,"I have an office that is a decent size, on the smaller size- but has a very large window and thin walls so it is arctic cold at times. I purchased this heater based on the reviews and the remote control...the remote is great, as is the safety feature. I have only had it a couple of days, but so far I am very happy. I have the thermostat cranked up as high as it will go and the heater on the highest setting and its so quiet I can barely tell its running. My office heats up so quickly my coworkers have been stopping by to warm up!FYI: if the safety button on the back is not pushed in, your heater won't operate. I thought mine was broken until I found this out...",
1,Best I've ever read.,"Even though this became one of the best classics in modern literature, it's not really ""classical"" or dated at all. If you like mystery, you will like it. If you like Sci-Fi, you will like it. If you like psychological novels, you will like it. If you like picturesque novels, you will like it. Anyway, you will difinitely like it!!!",
1,A story full of suprises!,"I've read and re-read (multiple times) everything Tobias Wolff has written and I think this book is the best. It has the narrative pacing of a suspense novel, with strange, funny yet very human characterizations. The writing is pristine clear. The primary theme is the percieved benefits of conformity by the main character and his undercurrent of resistence to it.",
1,Excellent diapers,"These are the only brand that do not leak on my son. Sometimes he wakes up in the morning and he smells like urine, but the pee is NEVER outside of the diaper, however full it might get.",
0,One word: TRIPE,"I see a lot of glowing reviews for this movie and I just don't get it. It's not ""deep"", ingenious, brilliant, or anything else that I've heard it called. Anyone who thinks this movie is thought provoking probably thinks Barney the dinosaur is a great philospher (seriously, get an education). This is a gimmicky, kitchy film that is a combination of concepts that have all been used before. The funny part is that they weren't great concepts the first time I saw them in other films. But hey, nothing suceeds like excess...so lets bring it all together and make a really really bad movie!",
1,"Far better than its reputation, and well worth a look","Intelligent, funny, sad, real, with a terrific dramatic performance by Adam Sandler.For a lot of it's length I thought it would be a truly great film, but some clunky, almostsit-com plot turns in the last 1/4, a little too much length, and not-quite-there supportingperformances in key roles hold it back and keep it a very good movie, not a great one.None-the-less, far better than the often cold response in got in most of the mainstream press.",
1,"20,000 Leagues Under the Sea (Books of Wonder)","20,000 Leagues Under the Sea (Books of Wonder)is one of my favourite books of all time. Verne has managed to writing an intriguing, invigorating and adventure-filled adventure that also delves into questions morality and religion. Verne's love of science and technology is a leading theme through out the book and one gets a lesson in the marine-life as it was known during his lifetime. The illustrations by the Dillon's are certainly a work of art to bestow and admire. The afterword by Peter Glassman is very well-written and informative. I can highly recommend this book to readers of all ages and I gave this amazing classic a strong 5/5. 5/5.",
0,Not G5 Compatible,Though the description states this card will work with G3 and above it wont even fit in the PCI slot for a G5 1.8 Single or a1.8 Dual I belive its because those slots are PCI-X. I am going to try the Sonnet alegro which says it will work with a G5 also. We'll see.The Sonnet alegro works!,
1,"Dry, Dry","This diapers stand by their description. My baby has been dry, dry. It hold all the overnight pee and haven't had any accidents. Love them, not bulky and can tell when my baby is wet in mediately by touching it as the texture of the diaper changes.",
0,One Tree Hill Season 7,This was a good product overall. it was just bad quality. it seemed like it was burned off of an original. Every disk says disk 1 the title scene is blurry and parts of the episodes are pretty choppy.,
0,"5 star movie , 1 star copy !! SHAME !!","i love this movie, but when i watched this dvd version of it, i thought for a moment that my tv was playing up.the sound and image are dreadfull !!!! adjusting sound and vision on tv doesn't help either, i prefer copying a video tape on dvd myself.that's not all, nowadays we expect a dvd to come with trailers, documentarys etc.. you know some extras to enjoy the whole surrounding that made the movie. here: NOTHING ! nothing at allcompare this with dvd of ""mildred pierce"" or ""straight jacket""they come with FAB extras.this dvd version is done with no effort at all.",
0,I would NEVER recommend this book!,"This was the scariest book on twins that I read. If you want to be afraid to eat, sleep or breathe during your entire pregnancy than this is your kind of book. Almost every chapter focuses on a negative aspect of carrying more than one baby and there are more chapters on what can go wrong than what to do to help things go right.",
1,"Bill Engvall ""15 degrees off cool""","Bill Engvall is totally funny in this video, espically when he talks about taking his F16 flight.",
0,Stay away from this one,"The material on this CD is terrible, and Clay's uninspired singing just makes the whole endeavor worse. The songs here are as generic and bland as you can imagine, and they contain some of the worst lyrics in pop music history. ""If I were invisible, I would be the smartest man?"" Poor production values don't help. Even the most enthusiastic pop devotee is going to have a hard time respecting this slapped-together piece of commercialism.Clay Aiken also doesn't do himself any favors with his bland and routine delivery. Clay has a powerful voice, and if he had a little more imagination and a little more artistry, he might have elevated some of this material. Instead, he seems to be relaxing on cruise control as he resorts to predictable phrasing and timing with frustrating regularity. No soul, no subtlety, no artistry.Start to finish, this is an obvious rush effort on the parts of the producers, the songwriters, and Clay himself. At least I hope so.",
1,nice amp!,"I hooked this up to my BOSE 301 series II speakers and it really works great! I first played my iPod 5g nano through this amp, and while the sound was clean I was a bit disappointed in the volume of sound, then I played my 4g ipod touch and BAM! Much better! Better amp in the 4g iPod touch. I've got PLENTY of volume, in fact more than I'll use. No need for a sub with these 301's as I don't listen to hiphop. The amp foot print is small, discreet, and free of choices, that's really a good thing! Additionally, I like Amazon, this company is always great to do internet business with, and are very smart moving forward in this new economy...down with ebay up with AMAZON!Oh yeah, sittin' here jammin to Ozric Tenticles ""Waterfall Cities"", and it's soundin' AWESOME!",
1,"BUDDY HOLLY ""Revealed""","I have been a Buddy Holly fan since I first heard him on the radio in my home town of Sydney, Australia.Whilst we heard all his songs, the main songs that is, it took many years, over 50, for me to be able to access a detailed visual history of his life and times and friends.It was great to see the other players who worked with him in those days eg a very young Waylon Jennings.A brilliantly put together documentary, even my wife found it very interesting! Although she got a bit sick of me falling asleep with the DVD player on and it defaulting to ""That'll be the Day"", in the early hours of the morning.A great contribution to those interested in the history and pioneers of Rock n Roll!",
1,Happy yet Dissapointed,"I was amost completely happy with this soundtrack. What upsets me is that there was on particular track from the game that I loved, and it was because of this track that i payed for this c.d. It was upsetting to find that this c.d. contained every song from the game except for the one that influenced me to buy it in the first place.",
0,Wake Me Up Please...,"I want to start out by stating the fact, I love Oasis. Be Here Now is a major disappointment from this sometimes brilliant band.Hype is what drove this band into the spotlight. When you have everbodys attention, you HAVE to perform well.What's The Story Morning Glory was released and it seemed anyone with a good trained ear for pure pop music was licking their chops.Then this yawn of an album was released and it seemed to take a lot of the air out of Oasis' balloon. Believe me, it's not a BAD album, it's just .....boring. Nothing jumps out at you making you want more. A lot of these songs sound like leftovers from other albums.I think that if this album actually kicked some butt, and had the catchy tunes like the ones on ""Morning Glory"" , Oasis would be #1.(not touring and sharing a bill with the Black Crows). I love you guys, you pump out some great tunes, but this is rubbish simply put.",
1,Smooth Feel but costly,"I loved the product, but when I went back to get another bottle, I discovered it had nearly doubled in price....so no thanks...I'll find something else.",
1,Upside Down Some Habits,"First and foremost: do not have it as e-book. This is probably true for most of manual-alike books (I had similar experience with a swimming manual), but with ChiRunning you are going to miss the at-a-glance capability only the paper can give you.Anyway, this is indipendent from the book, that is a GREAT book on running.I have read a great number of books on sport, several manuals and guides: this is something ""different"". The approach is different: here Danny, the author, start from Tai Chi to get to a new running concept.Well done, interesting even for a convinced Cartesian as myself, always critical towards Oriental disciplines (notwithstanding my long residential experience in Far East).Other than paper edition, I would suggest DVD: ChiRunning videos you can recover from the network are not exaustive (not at all).Probably a stage with a Certified ChiRunning Instructor would be the best completion, but unfortunately courses seem to be available in US only.",
0,no bueno.,"This leaves your skin dry & not lumenescent like the other neo strata aha lotion. Tingles must work, but your skin does not look smoother afterwards.",
1,halti,"I have a 100 lb lab- australian shepherd mix. When we are out walking he tends to forget that I exist whenever he sees a new dog, and he is strong enough to pull me over. I have tried several different approaches, including a choke chain, without a lot of success.The halti has worked better than anything else I have tried. He has been able to remove it a couple of times, but since it ended up around his neck, he was not able to get away from me.",
1,An Exceptional Novel,"Betty Smit's book, A TREE GROWS IN BROOKLYN is wonderful! I read the book for the first time eight months ago. Since then, I have read this masterpeice two times, and each time, it gets better! I recomend this book to all people, young or old, or want to read a wonderful book.",
0,Why Can't I Rate at Zero Stars ?,"Come On, People !!!! I checked this out because Amazon emailed me saying it was top rated.... ??? Could it be because one of the ""songs"" is entitled ""Amazon"" ? Sex appeal !? Not !!!! - unless you want to have sex with a monkey.... And for those who think this is the best album they've heard in a long time - my condolences ! Seriously, this recording is nothing more than a possibly somewhat cute girl chanting gibberish over some low-fi computer generated noise loops. True artists should be outraged, and they would if they could stop laughing. I recommend steering way way clear of this sorry excuse for music. Please, people - don't let big music money tell you what is good - we all suffer for it in the end.",
1,Simply Great A+,"This is the best Techno CD you are ever going to find,Scooter brings the Old Euro-Techno back on the European Top Charts once more,if you are a techno fan you will love this no doubt.Get his now.",
0,Is this the same Clay?,"Wow, this album is a HUGE disappointment.#1 This does not sound like the same Clay that we fell in love with on American Idol, He sounds like a half rate Boy George.#2 The production is awful, it sounds as if he is being backed by karaoke tracks.#3 Where is the soaring, clear and beautiful voice we know he once had?Shame on those who were in charge of letting this cd be released in this condition.It seems as if all the hype is put into the show, then all care is forgotten when it the time comes to record an album. Welcome to the real world Clay, I hope the next album supports your wonderful talent.",
1,A National Treasure,"Julia Child was just the best! The entire food world, as we now know it, owe it all to her. Watching this as well as any other of her shows, particularly her first shows, are exciting, enlightening, educational! She is missed & will always be the best!!!",
1,Good choice,"A classic is a classic, but additional features in this edition make it a great choice. Nice illustrations, too!",
0,Finnegan's Wake,"Stream-of-conscious blather that only a psuedo-intellectual could appreciate. I can't imagine being the person who had to proof-read this drivel, I would sooner plunge my hand into a vat of boiling oil. If it were possible I would give this book zero stars. You'd be better off spending your money on some LSD and interpreting the meaning of the waves in your fingerprints.",
0,Ouch!,I thought I was going to break by hands trying to get this on. There are like a MILLION little bra like hooks all the way down this thing and it takes FOREVER to get them hooked and it hurts my hands like crazy! BUT my fiancé did say that once I had it on he could see the difference it was making but by the time I got it on I was too fed up with it I just wanted it off! Go get some spanx!!!,
1,DA BOMB,"Chumbawamba rocks. It rocks because you can listen to it continusualy and you never want to change the track. The best track is the first one. I think it is ""Thumbthumpin."" I am surely going to buy this cd.",
1,You Can Never Have Enough Anti-War Songs...,"Chumbawamba is an underground British band that has been around for almost 20 years. They had a stroke of surprising luck in 1997 with the infectious dance/sports anthem Tubthumper. However, that song is not a good representation of their sound. Musically they remind somewhat of Scissors Sisters with a little Frankie Goes to Hollywood or maybe a rebellious Abba with a few shots of whiskey in them. Their lyrics are very political in a very abstract way and written for a British audience at that. The CD is also filled with many anarchist spoken-word soundbites. I checked out their very active website and they are selling t-shirts with George Bush's face above the label TERRORIST and the back of the shirt says ""You Can Never Have Enough Anti-War Songs"". Even Tubthumper is about ""shouting to change the world, then having a drink to celebrate"".",
1,THE BEST,I ordered my stroller last week and it arrived within 6 days. It only took me 3 min. to put it together. I put my Boston Terrier in it and rolled her around the house to get use to it. SHE LOVES IT AND SO DO I.I can go on longer walks now and take items with me. It rolls so smoothlyand looks great.,
0,"100 years to read, a bramble of impenetrable verbage...","It takes a long time to learn about over fifty characters and this novel's meandering prose and run-on sentences don't make it any quicker. This is gritty, offbeat stuff for the serious Garcia-Marquez enthusiast. The reward readers must feel at the end is that they've endured a tedious, difficult novel, but not an enjoyable one.",
0,"Substitute the name ""Burmese"" for any cat","Although books about particular cats/pets are rare and appreciated, I'm afraid this book gave me no further insight into my Burmese cat. Perhaps I am asking too much but I expected to find a plethora of special insights into this special breed. I didn't.Especially in modern cat care I felt this book lacking. My breeders says: Fresh meat three times a week; chicken wings (raw) at least twice for dental hygiene, vary the diet, enjoy the peculiarly dog like characteristics of the Burmese. But mabe that's all asking too much - gotta go, Nero is bringing his beloved yellow wash cloth for retrieval...It is hard to criticise a book that describes the best breed of cat on earth. Let's all write one!",
0,hard to read--both format and content,"This book is formatted horribly for the Kindle! Never once was the word ""pleasure"" spelled out as one word. ""Plea sure""? Is that a British thing? Many many words where there were mysterious hyphens, words broken into syllables ""so ci a ble"" was one. Doesn't anyone proofread this stuff?Spoiler alert: As far as the book itself, I found the characters to be flat and two-dimensional. Maggie is drinking in a bar at 9 months of pregnancy? Candice despises her neighbor Ed until she has nobody else left in her life, then she's sleeping with him? Roxanne is a homewrecker who gets the home in the end? I dunno, it was really hard for me to want any of these women to succeed. It was like AbFab but without the humor.",
0,Franklin's Just a Regular Guy. Now Go Read Something Else.,"Sometimes pastiches work well, like Bach's B Minor Mass. Not so this autobiography. Thrown together, arbitrary, sinfully pedestrian, this is one book that you can easily miss in your short life. Franklin shows you he's just a regular guy with regular thought processes. He drifts through life sometimes helping people and sometimes taking advantage of them. He may be an early humanitarian, but he is also an early capitalist, and he knows what he wants. Great, so does Ted Turner, but you don't see us going ape for his life story, do you? Franklin was truly one of our greatest founding fathers, but you won't get a glimmer of that from this book. Reading anybody else's account of Franklin's life would be a much more rewarding experience. Go there if you must do Franklin.",
1,Absolutely wonderful!,"I loved this video! Having bought multiple copies of the album, cassette, and finally CD (which doesn't wear out!), it should be obvious that I'm ecstatic about the music. Now, I've added this wonderful inside look to my collection. If you're a Fleetwood Mac ""Rumours"" fan, this is the best gift you could receive from someone! Every Fleetwood Mac fan will love this on their shelf to replay at will. Phenomenal!",
1,Awesome Story,"I picked this up a few days ago and have briskly read through the entire novel since then. This is undoubtedly an epic masterpiece. It is one of the best science fiction books I have read to date. The main strength of the novel is a strong story with an excellent setting. The world is one of ancient religions, literal god-like beings, and advanced technology hiding under the mask of supernatural power. I will not spoil the story but will only say that it is told on an epic Lord of the Rings type scale. The allusions to Eastern philosophy and religion is pretty awesome too. For a sci-fi novel the characters were pretty good. They weren't great like in a Dostoevsky novel, but they weren't completely one-dimensional as is the case in too many sci fi novels. In all, it was masterful. If I ever become a sci fi author, Roger Zalazny would be one of my primary role models.",
0,THE WORST!,"These diapers are TERRIBLE. I bought them, hoping that they would keep my daughter nice and dry all night long when she sleeps for 12 hours. When she woke up in the morning, her sleeper was wet and her skin was very wet as well, inside the diaper. The diaper did not keep her dry like it claimed it would. Her Pampers Sensitive Swaddlers kept her way drier then this diaper! When she wears those all night, they soak up everything and her skin is still pretty dry the next morning. I will never use Baby Dry again.",
0,NOT a 'breed specific' book on Chesapeakes,"I purchased this book thinking it was going to be a book specifically talking about Chesapeake Bay Retrievers, it wasn't.I would venture to guess that if you took the few pages about Chesapeakes OUT of the book, ALL of the books written by this author geared toward a specific breed would all read the same!Not a book to buy if you are looking for information on Chessies.",
1,A Strong 4.5 Stars,"This is a great sequel to Into The Wilderness, just slightly weaker. Being with these characters is delightful. Sara Donati writes smooth and forms great visuals with her choice of words. I highly recommend this book.",
1,Earlier editions of Brewer were better,"I remember being unable to put down an earlier edition of ""Brewer"" (unfortunately, I can't say which one, since I don't have a copy). What it had that the current edition has much less of was an exhaustive collection of allusions to classical literature and mythology. This made it indispensable if you were reading 19th Century literature (or earlier), where allusions to these texts were not only more common, but went unexplained because contemporaneous readers didn't need the explanation. The current edition has cut much of this - admittedly obscure - material, presumably to make room for items of more contemporary appeal. ""Brewer"" was at least as much fun to ""dip into"" with nothing in particular to track down as it was for reference use. I suppose ""sic transit gloria mundi"" in this context is blasphemous, but that's how it feels...",
1,Good Network Adaptor for Tivo box,Network adaptor was an easy plug - and- play device to use. Setup was quick and easy. This product was used with my Pioneer DVR810H with Tivo.,
1,I adore this series,"Romantic, full of action and rich dialogue and imagery, this series will last forever (despite the epic fail of the Disney movie).",
1,good product,My husband and I have had a few issues with our little darling over filling her shorts. We wake up at 1 am to change her as she sleeps through the night. Now it's smooth sailing no leaks happy baby happy mom. Little saggy when she's crawling around.,
1,Establishing the Basics for Batman,"Batman Begins explains how Bruce Wayne becomes Batman, toys and all! The acting by Christian Bale as Bruce Wayne/Batman was superb! He is the best Batman since Michael Keaton. A very well written script and a fabulous cast!",
1,This is the book that made me love reading...,Growing up I thought my my mother and sister were so boring because they read so much! I hadn't read anthing that interested me until Alvin. My mother and sister still may be boring at times but reading is exciting! Thank you Mr. Hicks!,
1,I love this book...,"I read this book a few years ago, from the library, but i still purchased it later on. I actually cried while reading this book, and I rarely cry reading books. This is the story of a Nazi soldier and a Jewish girl, in USA. It's an unusual story, and not at all boring. It is somehow different, and wonderful. It is a must read for anyone. Skip the sequel unless you really want to read it.",
1,One of my favorite cape crusader movies,"I was hesitant to do digital purchase. But 3 months later, still good. Have watched it 4+ times and still have option of porting it to two different devices. A great movie to own and watch again and again.",
1,Excellent!,"I had already got about four different versions of the Goldberg Variations - it's my favourite piece of music.But then I heard this CD played on the radio - and I knew I had to have it! The transcription for string ensemble is flawlessly done. The sheer quality of the sound is astounding - hear the last variation, for example.It really brings out the best in this magnificent composition by Bach. I really recommend it.",
1,Good book,This book is pretty well written and really help you understand the materials better. This book is pretty well organized and very easy to follow. This book really helps,
1,exactly what I wanted!,this was the 3rd one i have bought and tried. Finally found what I wanted! this keeps my coffee hot! and it will even heat up cold coffee in about 15 min!! I would deffinately tell everyone to buy this!!!!!!!!!!!!!!,
1,Great gift,I loved that I could send all these diapers to a friend across the country for such a great price. And pampers diapers are my favorite.,
1,Soul-mates,"I have read nearly all of the books in the Night-world series, and I have to say that this one is my favourite, without a doubt! It is Ash of course that just makes this book, he is irrestible, I became hooked on him from the very first, I guess it's the whole 'bad-boy' vampyre thing he's got going on that you become addicted to him! I started reading these books years ago, but they went out of print, I would love to get the last few if anyone has any idea how I can get them! I would recommend these books to anyone of any age, I mean I'm 21 now, and I still love them!",
0,Completely Useless,"I don't quite understand why Courtney is allowed to put these things out, and even more surprised that the other members agreed to it (since they have to). Everyone who already put out the 50 bucks for the box gets a whole three song bonus, songs which don't even sound like anything special. Nirvana was an awesome band who made some of the greatest music of all time, and this CD does reflect that. It's a good CD, but it's useless. It's nothing we don't already have. If they're going to put more Nirvana stuff out, it should at least be stuff we haven't heard. Just buy the three songs off of iTunes or something and save yourself the money from buying this CD.",
0,happy i only wasted money for 2 Music Experience in 3-Dimensional Sound,Music Experience in 3-Dimensional SoundThis cd shouldnt have been recordedMy fault i bougt this cdWas tempted of the dts recordingI could have readed other rewiewsThe experience listen to this is saddnes over own stupidityLoke1858,
1,It can be done!,"There is indeed space for 17! bottles in this cooler, but three of them need to be eiswein! I doubt this will hold 17 .75 liter bottles; I might get one more eiswein in it for 18 bottles. It took some figuring how to do it, but 17 will fit. I haven't had the cooler long enough to note its efficiency, but it seems durable enough. For the price, it seems to be a good purchase.",
0,"Lost Interest When Book Is Actually A ""Diary""","A friend told me that the book was inspiration, but there is nothing inspirational when he just seemed to be lucky. What young kid can have personal contact with a governor, find jobs so easily, squander a friend's loan and go all over the place in his occupation? Also, I couldn't figure out whether certain times he spent in Europe or in the States. He did not write much about his family life. At the end, it jumped from place to place. Since there was nothing then, everything seemed to be an invention. Were there not libraries in Europe or post offices? I couldn't finish it, though I read 99 percent of it.",
1,Eternal City,"The word ""journal"" is part of this book's title, and it doesn't pretend to be anything else. After all, Paul Hoffman is a journalist. I've had the great good fortune to visit the Eternal City a few times, and reading Seasons is like taking another stroll along back streets and famous venues. It brought back happy memories and also reminders that Rome is a huge, noisy metropolis that is difficult to traverse. Hoffman also highlights that fact that Rome is populated by, well, Romans, as well as millions of other Italians, and conveys a sense of what it is like to live an ordinary life in an extraordinary place. The city described by this author is modern and genuine, and Hoffman's essays are devoid of the self-congratulatory tone of many other travel writers. This book is real.",
0,Extremely unhappy,"I hate this printer! It is nothing but problems. Every single time I go to print even a single page, there is some sort of problem! The paper jams, I get timeout errors, the ink runs out too fast and I am unable to fill it with the refill kits. The thing has a mind of it's own and starts spewing out pages even when I'm not trying to print anything. It wouldn't be so bad if it didn't put trash on each page wasting my paper. It's a piece of junk! 1 Star is highly overrating this product!",
1,A page turning model for MOBY DICK,"Philbrick writes a fascinating account of the struggles of the crew of the whaleship Essex after a disasterous encounter with a sperm whale. He manages to capture the essence of the mindset of the inhabitants of Nantucket, the whaling center of the U.S., which explains many of the actions of the crew. The fight for survival is portrayed with both clarity and emotionalism. Having no previous knowledge of this calamity, I was amazed that at the time it had a similar impact in the 1800's that the Titanic had in the 1900's. It was enlightening that this tragedy served as the inspiration for Melville's, Moby Dick, which I consider to be one of the masterpieces of American literature.",
0,THE MOST HORRIBLE ALBUM,I HATE THIS ALBUM. ALL MODERN R&B ALBUMS SUCK. I HEARD THIS ALBUM AND I MADE MY HEAD BLEED. WHERE THE HELL ARE THE BALLADS CUZ THERE ARE NONE. WHAT THE GODAMN HELL WAS BRIAN MCKNIGHT THINKING. HE SHOULD STOP MAKING MUSIC GOD DAMNIT. DATS WHAT I HAVE TO SAY.,
1,AWESOME WORKOUT!,"This is a great video and an awesome workout. I was sweating and my muscles were feeling the burn. Oreet is not only an incredible dancer but she is also a great teacher. She explains what you need to be doing and she breaks down the movements. She makes sure that you are in the correct position and that you are using the correct muscles. I take actual belly-dance classes from her and this video is pretty much like being in class. Its fun, easy to follow and gives you a great workout. I highly recommend it.Diana",
1,It`s hard to read it but u will be amazed by it,It was the first great book i`ve read and i must admitt it took me a while( i was 16 then)but this book is great.It`s just perfect.i love GGM and his style.He just manges to express feelings so easily and everything in this book seems perfectly beliveable even if some things are magical and don`t get in connection with reality.This book is hard to review.One must read it to understand it.It`s just that one cannot resume this book here.This book must be experienced.,
1,A OK ~ Three's Company Season 1,"I'm glad Three's Company was put on DVD. It was a good show back in its days and it is still a good show. I can't wait to buy the Second Season when it comes out in the spring of 2004. If you have never seen any of the shows, I suggest you start watching and own this DVD. You won't stop laughing.",
1,Just ok,"I love the softness of these diapers, and the characters are cute. However, they seem to leak more than the Huggies I was using before. Therefore, I'm going to try another brand or go back to Huggies... :(",
1,A Wake Up Call,"I enjoyed this book very much. Saw a lot of myself in the pages. Some good and some bad, I think all females should read as rite of passage. Will enlighten and encourage a different behavior. A book that should be read and passed on to others.",
1,Excellent Sci-Fi,"James Alan Gardner is one of my new favorite authors. In Expendable, he has created a new and exciting universe peopled by characters who breathe and live between the pages. Some aspects of this book were predictable. However, it is still a page turner.I found it interesting that he wrote this book from the viewpoint of a female. It is written in first person perspective.The book is also a study of human nature and behavior. It has some funny bits, some poignant bits and a lot of great imagery. This is an excellent book. Honestly, it is one of the best ""first"" books I have read.Right after this book, I read ""Commitment Hour"" also by this author. Gardner's second book, it is also well worth checking out, if you can get past the premise. I'll also write a review about that book.",
0,Didn't finish,"My bookclub picked this book as every once in a while we do a classic and many in my club had fond memories of this book. Unfortunately, I couldn't finish it. I got about half through and was never engaged in it. I found myself skimming much of it and finally decided that I'd move on to something else. I think if you enjoy lots of detailed description, this might be a good book for you. It moved too slowly for me, though.",
1,An heirloom for every American,"As the Library of Congress marks our country's history as the U.S.'s continual time capsule; this tome offers a glance into her walls. Beautifully assembled, this keepsake will instill pride in its citizenry. Making selections from myriad possibilities must have been a dire undertaking, but those represented indicate a fair cross-section of time and geography. An excellent tribute to a worthy source!",
0,They Say Its Rated NC 17...WHY,There Was Not Really That Much Sex In The Film. There was some brutal language Butr Not that much in sex. This film was not at all what they all said it to be. I myself is into love stories such as this and if your a fan like me...dont get this. but dont take my word for it,
1,Could have used this a lot earlier in life,Reading this book-I couldn't help but feel that I've wasted so muchof my life being unhappy by choice. I'll even venture to say thatthe option method could change the world as we know it if more peopleknew about it and practiced it.A book I'll continue to revisit throughout my life.,
1,"1984 is based on ""We"" by Jevgenij Samjatin","1984 On september the 6.th someone said that Orwell never read, and therefore was not inspired by ""We"". That is not true. I have got a rewiew of ""we"" that Orwell wrote in 1947. Besides, I have read a danish translation of Samjatins novel, and there are loads of parralels. But still I regard 1984 as one of the greatest, and most visionary, novels of modern times.",
1,Perfect for getting rid of pesky love handles,"Typically I wear a medium adult women's sized shirt and a large in juniors- and I have pesky love handles thanks to my 2 beautiful babies :).This really works, well too- sucks you together and gives you that lift and confidence you want/need.The one thing that makes it not have 5 stars is that after a while it starts to bunch up in the middle (if you have some curve to you) and I'm not sure how to get it stretched out again.However, overall- if it didn't bunch up- I would give it 5 stars :)",
0,My brain froze over,"This supposed ""thriller"" is mind-numbingly dull and inept - I had to give up half way through.",
1,I LOVE THIS CD!!!,"I bought this cd the first day it came out and haven't removed it from my cd player yet! Over a year after the release! The 12 excellent songs on this cd never get old, no matter how many times you listen to them. Shirley Manson is one of the best, if not THE BEST, artists out there today. As far as it being one of the best albums ever i agree! Its right up there with my other favorites: Hole ""Live Through This"", Rage Against the Machine ""Evil Empire"", Live ""Throwing Copper"", Smashing Pumpkins ""Siamese Dream"", Beastie Boys ""Paul's Boutique"", Pearl Jam ""Ten"", and, of course, Garbage's Selftitled Debut album!!!",
1,It keeps working!,"The Simple Tech card worked from day 1, and still works 4 months later. Probably have taken close to 1000 shots on this card cumulatively.The same cannot be said for two other Viking Cards, one 512 MB, one 256 MB. Both worked in the beginning, then days later generated corrupt image files. (Go to Viking compact flash 512MB for my detailed review)By the way, I own a G3, and cannot tell meaningful difference in speed among Simple Tech, Viking, and the Lexar 12X I just received.",
0,Spend your money elsewhere...,"You could do a lot better for the price of this tool. Comparing it to comprable models costing half as much? I recommend spending for the cheaper models or springing for something better. The blade wouldn't align with the blade guard until I modified the table with a file. The tightening bolt that runs through the fence stripped in less than two weeks of light use. (Trust me, I'm not THAT strong.) Spend less or spend more, just don't bother to spend for this tool. One additional note: I contacted the manufacturer about the stripped rip fence and they promptly sent me a replacement without questions. I suppose that's worth an upgrade to 2 1/2 stars. I still think one could do better for the money. Oh, and my saw leaks water continuously when the unit is operating. Better leave it at two stars afterall.",
0,the movie was better,"i just read this book. everybody like always talks about how great it is and everything. but i don't think so. like, it's been done before, right?? soooo cliched. omg.",
1,Almost there,"This is a great series, but like most anime, builds to climax near the end of the series. In this DVD there is some action but as usual, not all of the characters have shown themselves yet. So the final battle is not till much later in the series. this dvd still has fighting in it, but you might want to watch the later ones to see the better battles. its a great series and u should watch all the way through in order to get the full effect.",
0,Starts Out Good but Declines Throughout the Book,"During the first chapter of the book. It hooks you right away. From the moment the characters arrive at the barn it declines. If you have ever seen ""Pinky and the Brain"" these are the characters. Except Lennie is more stupid than Pinky! My two year old cousin has more common sense than Lennie. The book is highly illogical.",
1,A thing of beauty is a joy forever,"This is an all-new edition, following the 2002 hbk, but Fantagraphics don't flaunt the fact. Why not? The hbk's long sold out and they could sell this all over again to nerds like me. Seriously (OK, I was serious), the hbk's heaven (snap 'em up, fellas, while you can) and this is bliss, apart from the curious (and curiously irritating) typography chosen for the headwords. Trina Robbins went, or was pushed, down the same route when A Century of.. morphed into The Great Women Cartoonists - the Women and the Comics original I've not seen - but we're not talking wacky here, fellas, this is serious art! Well, OK, fun art. Thanks a million, Gary (Groth)",
1,This World Is Nothing Like You Think It Is,"What an absolutely thought-provoking movie... period. Whitley Strieber's euphoric experiences shapes our lives in ways that we could never have imagined. Movies are almost always difficult to be made and expressed in the same way as are books, but the awesome Christopher Walken pieces it together in the most brilliant way. His acting is superb. To see Christopher Walken portray the full range of emotions that overtakes an abductee such as Whitley Striber is to see his greatest acting skills ever!Make no doubt about it, Communion brings forth to the attention of everybody watching it, the fundamental questions of life that we have all been looking for.",
0,1984 is a classic that doesn't deserve to be.,"While regarded as a ""classic"" by some literary scholars, 1984 is devoid of nearly every element of classical literature. The fall of Communism has erased nearly every trace of relevance this book may once have had. Its warnings of the evils of totalitarianism were overly alarmist by even Cold War standards and are even more so today. The absence of strong, 3-D characters makes even a man vs. society theme seem sorely lacking in depth . The only redeeming quality of this book may lie in providing future readers with an McCarthyist view of the evils of communism from the standpoint of a conservative 50s faux intellectual. If you're looking for a deeper, better-written, and tremendously more entertaining book, try Orwell's Animal Farm. Even walking, talking farm animals seem realistic compared to 1984.",
0,Yet Another Blah Grant Novel,"Ulysses S. Grant was a complex, fascinating personality who led a dramatic, multi-faceted rollercoaster of a life. Why hasn't anyone been able to write a decent novel about the guy? ""Ulysses"" accomplishes a near-impossible feat: It succeeds in making Grant look dull. His life is presented as a series of brief, disconnected, uninvolving scenes, the personalities are as flat as my computer monitor, and Skimin's idea of plot and character development is to get Grant drunk on every other page, even at moments when not even his hostile biographers accuse him of getting plastered. Poor Ulys deserves better. Calling all talented dramatists--here is your next project!",
1,Works great and looks great,All the other statements are true about download speed due to its ability to help in decompressing data. However I have a Mac and you can't do Tivo to Go but over all I think it is very helpful no matter what and I just bought another one for my S3. God Bless Tivo,
1,Good series ender,"This was good series ender, still in line with the other two and lot's of action. New girl, cuter than Megan possibly.",
1,Works Great! Easy to install!,"My old wireless adapter from Netgear stopped working on Friday evening. I ordered this Tivo wireless adapter by 6:30pm EST and chose Saturday delivery (Amazon Prime. Shipping was $6.99). At 10:00am on Saturday morning the UPS truck dropped it off at my front door. I was back in business by 10:15am. I just plugged in the adapter into the USB slot in back of my Tivo unit. I went to ""Settings"" on the Tivo menu and restarted the unit. Everything worked fine, it started updating my program guide immediately. When you are replacing a network adapter you do not have to re-enter your network settings nor the computers WPA/WEP security code. The settings were saved on the Tivo unit when I switched the adapters. Also be informed that this adapter connects via a USB cord that is about 3 feet long. It allows you to place the adapter in different areas and positions for the best signal. (The strength of signal is obtained in the Tivo ""Settings"" menu under ""phone/network"").",
1,The Best of 1999,"A must-have book for anyone who loves beautiful interiors. If you are an interior designer, or are looking for a gift for someone who loves to design - this is it! Stunning photographs enhance the work of the talented designers featured in this enjoyable and useful book.",
1,An amazing follow-up...,"I've been in love with Shirley Manson since I saw the video for 1995's Only Happy When It Rains. Since then, I've never been once disappointed with her or the rest of the band especially when it comes to this CD. Version 2.0 is an amazing blend of techno and guitar melodies. I'm totally convinced that every year Garbage just gets better and better.",
1,Last sips enjoyed at last!!!,"I have read bad reviews of this product and I think the expectations weren't reasonable!What this warmer does is give me back the bottom inch of my coffee, which I've never finished because I can't stand lukewarm coffee. The top half is always piping hot, but I suck that down right away anyway. This warmer keeps the bottom of my mug ready to drink when I get to it.I got jewelry for Christmas and I love it, but this is the best gift that will truly keep on giving.If you want your full drink to stay piping hot for any time, I suggest don't pour it til you're ready to drink! If you want a place to set your coffee that will keep you sipping hot coffee to the bottom, this is your product!!!!!",
1,A Great First Album,"Dear Amazonians,I think Clay Aiken is a strong addition to the popular music scene. The combination of his youthful good looks and agile voice make for a great pop musician.On a technical note though, and the reason for my four-star rating, during the song ""When You Say You Love Me,"" we can hear Clay clear his voice at the two minute and forty-three second mark (2:43 on your CD player). This is a minor technicality though that I am sure Clay will overcome with his future releases. All-in-all, I think Clay Aiken is a very talented artist who will only improve with time.Go Clay!Take care,--Daniel",
1,Excellent!,"C.S. Lewis was a wonderful writer, to say the least. I was quite excited when I got this book in the mail and saw it was in basically excellent shape.",
0,Did not work,"The service was great no issues, the product just did not work for me. The package got to me just fine; so I hate to give a bad review. It was like chapstick and it made the tip sore, but thats it, maybe I used it wrong.",
1,Not the same as pitchure,The book dose the job as far as that goes and it is a used book but I was expecting a newer book going by the pitchure,
1,Fascinating!,"I started writing sci fi because of this book. Actually had the honor of seeing Ray Bradbury speak- LIVE - (yea, I know, it was eons ago) - but I hadn't read anything he had written before that speech. I got a copy of this book shoved into my chest just after that speech, and couldn't put it down. A marvelous read. And a must read for anyone who wants to understand how things can go wrong in society, and to get a glimpse of the cleverness of the human spirit. I'd say this is a must read for everyone!",
1,Can I Give This 10 Stars?,I will not go into great detail as many reviews already have it down pat!TiVo is AWESOME!You can setup recording to catch any episode or only set it to record the new episodes that are airing for the first time...You can even hook it up to the internet and put your shows on your laptop / ipod and watch them on the go.I give TiVo 10 out of 5 stars!You will not be disappointed!,
0,Book ends at climax=horrible!:<,"I am writing this review based on the words of my 4th grade son. He was really excited to get this book as he thought that it was going to be a great story. His grandparents live in TX and he thought that it would be a lot of fun to read a book that takes place where they live.He breezed through the book and then was SOOOO disappointed at the ending. He said that just as the book was getting more exciting, it just ended. He was really wishing that the author could have solved the mystery of the boy ghost.Hope that our next book is a better one. He said that he would NOT recommend this book to a friend.",
1,Great product!,"I have definitely enjoyed having this product. I would recommend this others. It keeps my drinks nice and warm. It will also heat up cool drink in 10 minutes or so. However, this product is intended to keep drinks warm that are already warm.",
0,Frontin',Who gave this guy a music contract? This song is so terrible and overplayed. Plus the guy can't sing he sounds like he is whining. Stay away from this song!!,
0,What the heck is up with this cover?,"'Herland' is hardly a cracking read, but it's interesting as a feminist-historical text. It's worth reading, but for the love of Mike get a different edition. This cover is utterly hideous and completely at odds with the ethos of the story. Why would a female-only society, where dress is utilitarian and reproduction asexual, tart themselves up in pink eyeshadow and mascara that would make even an overly-flamboyant drag queen quail?",
1,brilliant raggamuffin,"I don't care about all the hype, I dig this record a lot. I play it, then I play it again. it's almost always in my head. I wish I had four more of her records. the performance is very loose and the production is really tight. rollicking, rowdy, catchy as hell. she's got a great spark.",
1,Psychology class,"The book is well written and very interesting. I don't mind reading it unlike other textbooks. Was a little nervous about it not getting it in the mail before my class started, but it did get shipped and delivered right on time.",
0,On the Road Again.,"Ok. Let's talk like ordinary people. If you are someone who has to buy a new TV unless you have one, only because the TV is more modern this is your book. If you've read ""ON THE ROAD"", maybe you'll want read something diferent. This is the same book, the same drama, the same wasted money. Can this book change your life?? Yes, but also a stone at high speed could do it also and in less time. Ally McBeal or a Backstreet boys song have more message than this book.",
0,Sorry,"I wanted to like this book but just couldn't. It was close but too slow, too predicatable and certainly no thriller. Somewhat interesting twist on the ""secret"" but not enough to recommend it as a must read.",
0,Doesn't Fit,"I ordered this DashMat for a specific vehicle, it was not the correct mat. I returned the original one and they sent me an exact duplicate of the wrong mat. I can't seem to get the correct one and therefore it sits in a box!!!!!!",
1,Good product,"I read the reviews for this product and purchased. I am an Ardyss wearer and after that brand this one is a piece of cake. I purchased a small but need an extra small because I can wear it all day comfortably. For me if I don't feel a slight discomfort in the beginning I don't feel it's working. The thing I like the most about it is that's it's strapless and can be worn with almost any type of top. Body hugging tops excluded, of course. I recommend it if you want to go extra sexy for a night on the town.",
0,"Great at War, What About at Home?","Coming on the heels of the terrific movie ""Saving Private Ryan,"" Brokaw's book is sadly repetitive. One would think that World War II was the greatest thing Humanity was capable of. There were alot of interesting anecdotes, but not much of a point; what did the ""greatest generation"" go on to produce? Smug baby boomers. Unfortunately, that's there legacy.",
0,"So bad, its funny.","Pretty bad horror movie that is more funny than scary with a horrible performance by Keanu Reeves, who is becoming one of the worse icons in movie history. Great actors like Rachel Weisz, Djimon Hounsou and Peter Stormare all try to over come the bad material that they have to work with (and also try to make Keanu look good as well, which is a hard thing to do in itself) but with a very bad script, you can only do but so much.1 star.",
1,A Beautiful Map,"This is a review of the map itself, not of the pamphlet that comes with it.The map is clear, correct, and large enough to make out place-names that are almost illegible if you look at the maps in the paperback editions of Tolkien's works. The pictures are also excellent, but there is one flaw which has caused me not to give the map five stars: the paintings of Minas Tirith and various Good Guys are on the East side (right side) of the map while the pictures of Barad Dur, the Nazgul, and assorted other Bad Guys are on the West side (left side) of the map. Now, the problem with this is that the West contains the lands of the Good Guys and the East contains the lands of the Bad guys. It seems to me that these pictures should have been flipped so as to more accurately represent the political realities of Middle-earth.",
0,Jen,I ordered according to my size. The dress fit great except for the chest area was EXTREMELY to big and there was no way to alter the dress without ruining the style. Couldn't exchange for smaller size as the rest of the dress fit great.,
0,All That STINKS!,"all that glitters! PFFFT! yeah right more like all that STINKS!you along with Bob Jones need to realise that Michael Jackson IS AND ALWAYS WILL BE INNOCENT!Money is the root of all evil and you sure are EVIL!Remember that it is with slanderous words you are making your f**king money! you and your brother, Evan, have ruined your entire familys lives and what for - MONEY! that is all you are after!Ever since Michael denied your brother the funding for that stupid film project you both knew what you wanted and wouldnt be denied it, no matter what the cost. your family, your own blood relative, your nephew!Your book deserves NOTHING! You deserve to rot in hell along with Tom Sneddon, Diane Diamond, Nancy Grace, Bob Jones, and Tommy Mattola!",
0,too expensive,The price for these 22 packets was several times more expensive than buying it in the 4 count package in a grocery store. The only reason I agreed to it was because the store had stopped carrying the item (but is now),
1,Quickly outgrown - best for 1-3 year olds,"I purchased this climber/swing for my 2 year old twin daughters (a couple years ago). We have a large Cedar Works wooden play structure (highly recommended - no splinters!) purchased for their older brother but I thought they would need a smaller transitional climber. I was wrong. They wanted to play with big brother so went right for the wood play structure. They all still use this occasionally (ages 3.75, 3.75 and 7 now) but it is pretty small for them. I would suggest this for 1-3 year olds and only if they don't have an older sibling and bigger play structure to entice them. It is low to the ground, providing easy access to a new walker. It went together quickly and relatively easily and has held up very well, even with a 7 year old climbing on the roof.",
0,A disappointment,"Is this an exercise video? It moves too slowly with too many breaks to give a decent workout to the intermediate bellydancer.Is this a dance instruction video? It assumes you already know a good bit about bellydance, and leaves the beginner to improvise too much.The only part I found helpful, as the previous regular user of several other bellydance videos, was the veil and finger cymbal portion. I'm thinking of buying some finger cymbals now!",
1,I LIKE TURTLES,I LIKE TURTLES. And Mad Max. Excellent movie. I like very much. I love him. And the bad guy was good in Farscape.,
0,More of the same bad script writing,They should have stopped after the first film. More bad acting filled in with fighting sequences that are way too long.,
0,A waste of time,"Don't get me wrong, I believe in UFOs and certainly Mothman, since my friend's aunt saw it, but 90% of this ""nonfiction"" book is nonsense. Keel's semi-acurate listing of the real life mystery of Mothman wins it a single star, but the speculation that he pushes as the gospel truth is laughable, and is mostly based on questionable facts and ideas that are theoretical at best. If you want to know about Mothman read James Cohen's Book of Mysterious Beasts, if you want to waste your time and Amazon's time, buy The Mothman Prophecies.",
0,Don't believe the marketing hype,"Water begins leaking out of the hole in the bottom almost as soon as you start feeding the doll, so be sure to have a diaper on. The Born brand diapers cost more per diaper than regular baby diapers and cannot be reused. Once they get wet, they must be thrown out. It would be better to make your own. My three year old daughter was horribly disappointed by the ""baby food"" which looked like water with small white particles floating in it. At least you can submerge the baby for a bath. It looks cute. It does come with a potty, but is not anatomically correct, so it may or may not be useful for potty training, depending on your child.",
0,Avoid at all cost !!,"Some movies are bad and worth watching 'cos they're bad, this one however is just a total stinker - no redeeming features whatsover. A total waste of time. Do not buy. Do not watch.",
1,CLAY AIKEN IS JUST FABULOUS!,"THIS CD IS VERY ENJOYABLE. CLAY AIKEN IS A BREATH OF FRESH AIR COMPARED TO ALL THE GARBAGE PLAYING ON THE RADIO THESE DAYS. CLAY DOESN'T NEED VULGARITY,VIOLENCE AND HALF-NAKED, SLUTTY WOMEN TO SELL HIS MUSIC. HE HAS NATURAL, BORN-WITH TALENT THAT NO ONE CAN TOP! THANK-YOU CLAY FOR YOUR WONDERFUL VOICE AND ROLE-MODEL ATTRIBUTES! YOU ARE A GIFT FROM HEAVEN!",
0,Uhh..... Were they stoned?,"This was the biggest piece of drunken hoopla in the WORLD! I can't believe people would actually take time out of their daily schedule to watch this! If you actually read The Odyssey, the movie is NOTHING like the real thing. I STRONGLY suggest that you read the book first. Well, anyways, no one is going to read this review thus rendering this review useless and something to clutter the internet even more than it already is. I AM THE ANTICRHIST!",
1,A must-have for any theological library,"This is THE definitive book on Reformed Presbyterian theology. Hodge is strong not only in what he explains, but also how he explains it. Each section is divided into questions, as if someone was interviewing Hodge. He then answers each question in a very logical, ordered manner, giving the reader a very clear perception of each particular concept. Hodge leaves nothing uncovered, but rather touches on a very wide spectrum of Reformed theology, and every time his argument is succinct and backed with scripture. Everyone interested in theology, clergy or lay-person, should read this book to gain a deeper understanding of what the Reformed persuasion believes and why.",
1,Good movie material,"Good story for a movie. In fact there was a movie set in the west during gold rush based on this story. Good, but I forget the movie title. Both are very believable, which I like.",
1,"Compare to ""Brave New World""","Read it to compare it to Huxley's work. I don't think this matches ""Brave New World"", but make your own determination.",
1,AMAZING!,"This book quickly became my favorite book of all time! It was filled with fantastic detail and wonderful discription. I cried, I laughed, I was depressed I was extatic! This book was really amazing!",
0,The Other Side Of A Christian Classic,"Forgive me for rating a respected book so poorly. If your quest is to discover why certain disciplines are needed, then ignore what I have to say. This book delivers. If, on the otherhand, you are going to buy this book with the expectation that it will move beyond expressing the need, you will be disapointed. If you are looking for help in developing these disciplines in your life, you will not find it here. This book is not about ""how"", only ""why"". Which question are you asking?",
1,Paul Hoover's book is a wonderful compilation.,"The poems in Totem and Shadow, especially the newest work by Hoover, are so strong that style seems to drop away, as complex truths are given to the reader. This is a poetry of great intensity and brilliance.",
0,Not Impressed,"This book does not have line numbers. In addition, the pages don't have the scene or act number on them. So when you open up the book, you have no idea where you are in the play. You have to flip through pages and find the closest scene 1 so you can figure out which act you are in and then go from there. This book makes it difficult to follow with others in class and I would not recommend it to anyone.",
0,"Almost All Fighting, Next to No Interesting Dialogue","This movie is essentially a 2-hour fight scene with about 20 minutes of half-interesting dialogue and story sprinkled in. Terribly violent and uninteresting. Honestly the most fighting I have ever seen in any movie (including Matrix Reloaded). I wholly regret the $1.99 I spent to rent it. Unless you want to see endless stabbings and blunt force traumas, do not see this movie.",
0,Badly Written and Boring,"Escape Under Prssure was one big bore. A group of eighth graders could have written something better.The dialog is just plain stupid. I understand that the writer of this movie has gone back to working for a lawn maintenance company, and is given nothing more complicated than trimming shrubs.",
0,System is DOWN...,"Have heard this band alternately referred to as, System Of A Downs Syndrome. no comment. save your money.To make up for the mistake, in case you already bought it,, try The Disco Biscuits. A pleasant surprise!~!~",
0,ZERO stars,"I wish there was a way I could give this ZERO stars. The quality is awful. The ""satin"" looks like pleather and the feel is disgustingly cheap.It also does not fit true to size. According to measurements, I fit into a size large. Apparently the tape measure they have at the factory is not the same as mine.Now, I'm stuck with having to find a dress in less than a month.",
0,Old information,"Unfortunately, I did not like this book. I found it difficult to read and boring, even though it was recommended by a friend..",
1,Good Resource all things considered,"This is a good book to learn about how to use JSTL. It has an excellent reference section, and the body of the book explains how to use the JSTL tags with many good example. On the whole, a very useful, readable book. One negative: The author has a sense of humor which some might find odd, and he interjects it throughout the book; at times it's distracting. But if you can get past that, you'll find this to be a good resource.",
0,Get a grip,"The brush is stiff, I guess you get used to it. It has a long handle, compared to a hair bush? The handle is smooth and you cannot grip it when you are in the shower. It is anything but ergonomic. I guess you take a dry bath. Do not buy this brush unless you are needing to bristle off some very caked on dry skin or rust and can use a grinder to make the handle gripable. What a waste of good money.",
1,Nice!!,Love the new vinyl but I'm still waiting on my other one.. Where is it??But I digress.. I love my new vinyl!,
0,Glad I have prime and it was free,Wife is a huge cage fan...This was torcher to watch....I would have given less than 1 Star if it was possible..Wish I went to the dentist instead of watching this movie... I have seen some bad movies but this one now has the honor of been the worst...,
1,A Tree Grows In Brooklyn,"This book changed my life. Betty Smith has become my favorite author and inspired me to read regularly again. The characters will help young women to learn to accept themselves and understand their feelings. I highly recommend this book along with all of her other books, especially Joy in the Morning.",
0,Not sure about veracity of the material,"The author begins with the statement that she has probably spiced up the material a lot. Since, most of the author's story is around her sexual encounters, and she has stated that she has spiced up the material, it is not clear how much truth exist in this autobiography. Read it with a grain of salt. The book, however, does provide some interesting insight on the Saudi society.",
1,MORE THAN LETTERS...,"I admit that I bought this album for the title track alone. After all, had that been the only good track on this CD I still would have felt that it was worth my money.But the title track is just the beginning for this fine country offering by John Michael Montgomery. I found myself listening to and enjoying every track on LETTERS FROM HOME. Montgomery's smoother-than-silk voice is one of the finest in country music today and his straight-forward approach to his music comes through in every note. You won't want to miss this one.THE HORSEMAN",
1,Did you like 400 degreez?,"A continuation of the illest hip-hop album in recent times, 400 degreez. If you aren't down w/ C.M.B yet, go get 400 degreez first. If you already got and you love it, this is just another hour of banging bump and car music. Great",
1,The King of R&B is back with another Child Support CD.,"I am sure there were more people at the music store yesterday than there were at the polls. The world of music seems to stop when r. Kelly drops. It is the hottest R&B Cd this year since Carl Thomas. R.K. comes off with music that you can make love to- Ghetto Style. When you add this one to the Kelly collection, get ready to go half on a baby. This is a must buy.",
0,Bizarre,"David Garnett (1892-1981) was a British writer and publisher who received literary recognition when his novel Lady into Fox was awarded the 1922 James Tait Black Memorial Prize for fiction.This particular work is as enigmatic as its writer and this particular reviewer failed to understand the work. The plot is simple enough: Sylvia, the 24-year-old wife of Richard Tebrick, suddenly turns into a fox while they are out walking in the woods. The rest of the story is the tale of Richard dealing with the transformation and his struggle to accept his wife's ego as she slowly loses her humanity to the fox form she inhabits.Is the story a morality play? Fictional essay? Eccentric novella? The last gasp of scandalous English yellow literature? Each reader will have to judge for his or her own.",
1,Surprising ...,"This is not a depiction of the ins and outs of the political aspect of Queen Victoria's reign. It is a love story where balancing duty with depth of feeling, professional with personal relationship, is fully fleshed out.All actors involved deliver great performances. Great chemistry between the lead actors makes the story come alive. It was wonderful to picture the castle, which looks so cold and austere from the outside, as the home of a warm and loving and joyful family. Children gleefully running through the halls on holidays. A father playing with his children. A mother looking on with shining eyes.This movie shows the personal side to the monarchy. It was a delight to watch. I hated to see it end.Add it to your DVD library and prepare yourself for a few hours of total enjoyment.",
0,Bad acting 101,"It's all been done before but with talented actors. This movie should only be shown in acting school : ""Bad acting 101"". Totaly unconvincing perfomances all around especially by Emily Hampshire, could that mean bad directing? Don't waste time or money.",
1,DOWN AND OUT JUST EAST OF EDEN,"I have mentioned previously in review of Steinbeck's Grapes of Wrath that he had an ear for the language and circumstances of the drifter, the loner, those who live on the edge in seemingly fabulous California. This is not the California of the Chamber of Commerce hype but it is part of the history of the West Coast nevertheless. Of Mice and Men is in that same vein although there is probably a little more pathos to the characterizations of Lenny and George than Steinbeck gives to those in Grapes. But the dreams are the same. And why shouldn't they be. It may very well be that the best laid plans of mice and men go awry but, damn, we don't have to like it and what it does to the human spirit. And neither does Steinbeck. Read this book, read all of Steinbeck's books.",
0,The dregs of ATDI finally crash and burn.,"Of the two bands that ATDI splintered into, it should be obvious at this point which one is actually worth listening to. The Mars Volta makes intelligent, frenetic, insane polyrythmic guitar-prog music, while Sparta have found their niche in the world of tepid, whiney radio rock.There's nothing interesting about this album. There are songs that are slightly catchy, but nothing well written or particularly original. Even the cover looks stupid. Waste your money elsewhere.",
0,DISAPPOINTED,"It is the worst book I have ever seen.I passed both CFA and AICPA and familarize with those materials. I still find it difficult to follow. Not clear explaination, contradiction among arguments and wrong answers for the sample questions.I am very disappointed.",
1,Solid Ground,"I thought Kathy Reich's first book ""Deja Dead"" was a quick, fun read, but a little sloppy. Given that the killer kept changing the method by which he killed, it was a wonder that Tempe Brennan actually solved the crime. (Aren't serial killers supposed to be consistant?) Anyway, the atmosphere was good and I'm a sucker for anything about Montreal. Which leads me to ""Death du Jour."" What a surprise to find Ms. Reich in such firm command of the genre in just her second book. She juggles several (try five) different story lines so successfully, you would think this was fifth or sixth in the series. Brava! I dare you to put this one down.",
1,An intense and powerful Drama!,"I purchased this movie because I am a huge Brendan Fraser fan, but the movie is so moving that I somewhat forgot that Brendan was in it and became so captivated in the story, that I ended up watching it again a second time. It is wonderfully acted! I think it's Brendan's best work ever and Ian Mckellen is outstanding in this movie. For anyone looking for a movie that will move you and having you wanting friends and family to see it, this one will. It's such a powerful drama. One that I will watch over and over. I'm glad to have it in my Collection.",
1,This little piggy made the Mama giggle,"I borrowed this book from my local library for my 4 yr. old who is in love with ""piggies""! She loved it, as did my 8 yr. old, who giggled and asked me to read it again. We liked it so much, we decided to purchase our own. The rhymes are funny and the illustrations are wonderfully drawn and entertaining. I must admit, I enjoyed it as much as they did.",
0,"Good DVD Package, Pretty bad movie.","While I liked the overall packaged for this film (The behind the scenes information, the small comic book) The movie was really bad. Keanu Reeves did not cut it in the main role and the script was so badly written that you actually thought of better dialog in your head while you are watching it. I agree with a lot of what has been said about Rachel Weisz and her great performance but not even her grand and game effort could have saved it from its own bad script and its really bad leading man.My one star review goes to Rachel Weisz and the slick DVD extras but the movie gets an F from me .",
0,"Not good, but even bad Queen has its pleasures","Let's face it, Hot Space is filled with filler. But if you love Queen, and I indubitably do, you'll find several splendid touches. But you have to go mining for them...rather than having them explode into you, as great Queen so incomparably does. We must come out of denial and admit that this album is weak gruel, with more than a few good moments floating in it. But it is Queen, and even bad Queen has its pleasures.",
0,Cheap Stuff,Not of Good quality.It's not even worth for that price.Packaging is also not good.The pictures are misleading and they do not look like that.,
1,"Good diaper, but I still prefer Sam's Member Mark brand","I bought these diapers because of the incredible deal with the Subscribe and Save/Amazon Mom discount combo (note: the price has now increased from when I ordered in June). The diapers are ""good"" in that they haven't leaked. They do not get 5 stars for the following reason: They are a little ""flimsy"". So, even if my daughter doesn't need a diaper change due to contents, she needs a diaper change more often because they lose their shape around her and don't cover her well. I did not have this problem with the Sam's Club brand diapers. So, although they were slightly less expensive per diaper, I have ended up using MORE diapers because I have to change my daughter more often. Other than the ""flimsiness"", I like the diapers.",
1,Wow.,"This collection of short stories is destined to be a classic and a ""must-have"" for people everywhere. Take a look at yourself and at your fellow man. This book is great from cover to cover.",
0,"Bad fence, Bad tilt","The rail keeps popping up, so the plastic endcaps are no longer flush with the table. I had to file them down so the tile won't get caught. The tilting table will move apart at the hinge when I start pushing the tile through the blade, it is just useless. Straight cuts seemed to work OK. This may be suitable for small around the house jobs. I think the design is from England. Bad British engineering !!",
1,Good value for the money,"I purchased this mp3 player for my daughter who really likes it. She experienced some difficulty at first downloading her music, but this problem has been resolved.The player is very easy to use - she did not even need to read the manual.",
0,Intentional Obsolescence -- 2011 and it still no drivers!,"Vista has been out for 4 years, I'm up to Windows 7, and they still haven't released a driver update for this scanner!This is what's called planned obsolescence, where they intentionally make something not work so that you have to buy the new version. There's no reason or excuse for Visioneer not to release an update.This was the last scanner I'll ever buy from Visioneer. How can I have any confidence that they won't do the same thing with their new scanners when I upgrade computers again?",
1,"creative, interesting approach to Greece","I like the mainstream of travel books, but I've never seen one designed quite this way. The author has woven a plain-language retelling of parts of Homer with descriptions of the modern Greeks as he came to know them. Fair play to the author: he has given us something refreshingly different.Lundgren writes clear, quality prose with above average descriptive talent. His deep affection for his subject is evident throughout, which warmed my heart as it deviates from the accepted journalistic principle (one I despise) of pretending to have no real human feelings. I tend to believe that a traveler learns more about a people when s/he tends to like them, and the author clearly does.Recommended for the travel reader willing to try a novel approach to the subject of culture study. For the travel reader with any interest at all in Homer, feel free to add a star.",
1,Ghost In The Ground,"This literate city follows with enthusiasm, the entropy and self contained decline within all things John E. Douglas.Today we publically celebrate Amazon.coms 20th anniversary, with John nowhere to be found. Sadly at Barnes & Noble, among the bottom feeders he begs. Upon a low traffic floor shelf, squeezed between his FBI founders favorite pastime, and Mother Natures firm hand, a fossil record of John Douglas.",
0,A poor implementation of Plug N' Play,"This device should configure a lot easier than it does. I'm a programmer with many years of experience configuring hardware. I found this one annoying to set up.You may have to download new drivers for this device from the simpletech website. Once you get the correct version of the drivers, and install it following the instructions EXACTLY (the device cannot be plugged in while loading the software) it eventually works ok.Note that there are two DIFFERENT part numbers for this device. 90000-40388-001 and 90000-40388-002. The 001 version does not support some platforms that the 002 version does. I recieved the 001 and have had no end of difficulty with it.If I had it to do over again, I would spend a bit more, and get a device from another company that supported more than two media types.",
1,"Awesome ""Kickstand""","The Pyramid Bottom Bracket Type Display Stand is an awesome item to take the place of a traditional kickstand. I don't need to add weight to the bike while riding. The stand is waiting for me in my garage when I return from my ride. A few minutes after returning from my ride I am easily able to safely secure my bike in a stable upright position, reducing the potential for the bike being damaged through falling or knocking against an rough textured adjacent cinder brick wall. Couldn't be happier. Sturdy, and well coated to protect the bike frame from any damage from the stand. Also, raising the back tire allows for routine maintenance of the drive and back wheel components. If your looking for a low cost, simple way to protect and maintain your bicycle investment, this is it!",
0,Bad ink?,"Item arrived with black powdery smudges on the cover and edge of paper. I don't know if it's from the laser ink powder of the packing slip, or if it's from the printing on the cover. It is acceptable but messy. Also, the photo clearly shows a set of 2 books, but there's only one as detailed in the description.",
0,"LEAK, BLOW OUT, MESS MESS MESS","These leak so bad. Any time my 1 yr old goes number two, I have to change his clothes and mine. His PJs are soaked around the diaper if he sleeps through the night. I am terribly disappointed. I love pampers swaddlers for babies and thought I would try these to save some money, well no money was saved because I feel like I use double the diapers to keep my ""baby dry""",
1,Go Fit 65cm stability ball,"I use these balls for desk chairs. The last two balls developed leaks so I looked for a ball with a sturdier, thicker rubber. So far this Go Fit ball seems to fit the bill.",
1,I Approve,"Watch it you will enjoy it. I not a fan of the Stargate series, but I enjoyed how this cleaver concept was exercuted in this self contained episode.",
1,Fascinating Glimpse into the Life of a Housewife in the 1830s,"I'm researching how a housewife would have lived during the Civil War era. Although The American Frugal Housewife edition that I read for free on my Kindle was from the 1830s, much of it probably remains unchanged 15 to 20 years later. People in villages or living in the country at that time would still have stored their foods for winter in the same way as this book advises. The treatments for croup, a burn or other illness give insight into the hardships encountered when there were few doctors and the family had to self-treat as much as possible.Fascinating details of a bygone era that is particularly useful to me as I work on my book about my Civil War ancestor.",
0,Take a class,Don't waste your money. If she had been my instructor I would have asked for my money back,
0,The mask of Zero,"Apparently, the only path to wisdom and a life packed with acts of kindness is arse freezing and sword and/or kickboxing tricks.Ridiculous movie designed for brainless pimpled teenagers.Nauseating philosophy wrapping grandiloquent dialogues.At least the Rambo suite was honest entertainment.",
0,Don't waste your money,I bought 3 of these and I threw them all away. Your coffee will stay hotter in a thermos than on this warmer. I think a light bulb would do a better job! I wrote to Mr Coffee several times and never even had the courtesy of a reply.,
1,Get This Player!,"Before I decided to get this player, I did my research. I looked up the ipod, the dell jukebox, and the samsung napster player. I chose this one because from what I read, it was the best deal for the money. Another reason I got it is because you can put WMA files on it. That takes up half the space of MP3's. That's important because I have a lot of music. The software is great. you can sort your music by artist, title, album, or genre, and you can play music based on those categories. transfering is easy, the software makes everythig pretty easy. even the battery life is great- it advertises 14 hours, it's actually a little less but still good. only 1 problem, no accessories...yet. I hope it's because it's new and they are not out yet, but being without a remote is hard. They player's interface itself is also very easy to use. can't complain and I recommend it over all the other players, just hope that remote will come out soon. GET IT, IT'S WOTH EVERY PENNY!!",
1,I HATE THE IDEA OF NO BOOKS!,"""Fahrenheit 451"" is about a future where there is no freedom of speech. A future where every person is a mindless automaton with no feeling. They go about their life wondering whats going to be on the screen next or what they're going to eat for dinner. Worst of all it is a future where there are no books. It is a future where firemen don't douse fires, it is a future where they start them. Their job is to rid the earth of books by burning them.Montag is a firefighter who is questioning what he is doing. Lately he has been stealing books from the secret libraries he burns for a living. He finally realizes that without books people are mindless automatons who's only purpose in life is not to think.This is a great book and it makes you think of what life would be like if our only purpose in life was to be happy. We wouldn't be able to think for ourselves, just like the characters in the book. I give ""Fahrenheit 451"" five big stars.",
0,An unrealistic book that dosen't make sense,"I think that this book is a bad book. Not only is it unrealistic, but also a boring book. Orwell has an imaginative mind, I must say, but thuis book talks about 1949, when he published it when there were such things as totalitarism. How could he know it would still be the exact same thing in 1984? This book also has strange events. The author skipped around too many times. At one sentence, he would be in the appartment in Winston's home, and without telling a reason for it, he would be some where else. The book is also boring. There is not enough action and suspense to make the reader willing to read it.",
0,made me sick,"I was so hoping to love this product after reading some of the good reviews, however, these made me so nauseous and sick. i don't think i can ever drink tea again because of how sick these made me feel. It might have just been a reaction to my system, and my system only....but i'm throwing my box away!!!!!!!!!!!!!!!!!!!!! :o(",
0,Pretty Toney,Unfortunately or on Purpose!!! this album was released 2 weeks ago on the Net...and I had a chance to preview it - there a handful of solid tracks but as a referral the better album is Pretty Toney - The B-Sides...every track is a hit...I dont know why Def Jam did not want to buy those songs the lyrics and production are amazing...peace.,
0,Runs Small!,"Nice shirt but runs really small. I understand they are to be worn tight, but my 14 year old couldn't get it over his head. Have to return it.",
0,It's no where near the best,"I was convinced that after the great reviews of this product this had to be the best on the market. Unfortunately, it was not. Frankly it's the worse I have ever tried. There really is no tutoring at all, it's all questions and if you want the answer you would have to click ""answers"" and it gives you a useless explanation. Not to mention the mistakes in some of the answers.I'm almost certain that 95% of the 5 star posts are bogus. It's impossible for an actual user to be impressed with this product. I returned mine two days after using it. This product is the WORSE in the market, I'm almost sure.",
1,Simple and perfect,"This tiny little book is the perfect companion to ""The Lord of the Rings"" Trilogy. It is beautifully made and designed to either be something you can fit in your pocket, or put up on your wall. (It folds up nicely)I would reccommend this to anybody who has read the series or is just starting out.",
1,Truly and excellent book.,"Actually, I rate this an 11. This was the first, and the fifth, and the last Clavell novel that I have read (yes, I read it three times). Clavell even coproduced an excellent movie adaptation in the late 60's (though filmed purposely in black and white) which captured the entire mood of the book. The reason that this book works so well is that Clavell himself lived the story. The character of Peter Marlowe is based on Clavell himself, and it shows.This book is a brutal, depressing display of humanity at its basest. Not for the light hearted, but a must for anyone interested in WWII or in Asia.",
0,boring book,"so boring youll fall asleep, but ehh you get what you pay for i guess ill learn something if i read it",
1,Good album,"I like this album a lot. There's a lot of power and swirling guitars, and the melodies just knock you flat. Enigk's soaring tenor is at its most tremendous here. Every Shining Time you Arrive is a classic, and #9, the title of which contains a dirty word, has one of the most beautiful and jarring transitions I've heard in years. Great CD.On another note, I think it's funny that a previous reviewer, Heidikakis from NY, lifted almost all of her(his?) review from pitchforkmedia.com...Why would someone do that? I'm sure that the folk at pitchforkmedia.com aren't pleased.",
0,ALL OTHER REVIEWS ARE FOR THE WRONG FILM!!!,"Note that all of the reviews posted here are for a completely different movie ""Descent"", NOT the horror movie ""The Descent"". Please check what movie you are posting for before you post a review!",
0,This thing SUCKS! I went through 3 of them!!! Waste of money. Do NOT buy this,"I went through three of these, neither one of them would maintain the air pressure and would slowly deflate. This occurred within 2 uses for each of the 3 mattresses i had. I considered maybe the person sleeping on it was too heavy, but alas, the person is 210 pounds and the weight limit is 300, so that wasnt it. I thought maybe it was punctured, but if it was the person would have awoken on the floor instead of on a supper jeloutnous rubber blob, so that was not it either. What conclusion left is there- this thing sucks and doesnt maintain the air.",
0,"Great movie, if you have the mind of a 10 year-old","The setting for this movie is not in the future!!!! It is current day, and takes place in a poor European country. The arena they skate in looks like a very cheap prop from American Gladiators. There is VERY LITTLE SPECIAL EFFECTS and no high tech equipment.15 minuets of the movie is done with a night vision camera, so everything you see is either dark green or picth black.Most of the action happens within the rollerball arena. There are only a few action sceens on the streets of the city.",
1,One of the best albums ever,The Black Keys are one of the best bands around today. This album is great from start to finish. You will not be disappointed. I saw them in concert and they are just as great live as they are on CD. If you are interested in good old bluesy rock then this band is for you.,
0,Exactly what's wrong with Literary Scholars,"This book is long. Long and pointless. Sure, it's fun to sit down and make up words, or compose stream-of-consciousness relayings of dreams we've had, but why would anyone want to read them?And, anyway, any book with a quote on the back from Harold Bloom is not worth MY time, at the very least. That man is a menace, and so is James Joyce. Thinkers thinking about thinking. Not real people, not real thoughts, no significance, no soul. Pointless, long, and forgettable.",
0,Waste oF $MONEY$,"Waste Of Time & Money... I found that if you want to win big, just put the money into a savings account & watch your money grow! Pay YOURSELF not this author.",
0,Not for us,"I have never seen the British version, but we liked the American ""Queer as Folk"". It was funny and real. Series 2 is a disappointment, the action seems contrived, and so do the characters. We couldn't believe a minute of it. If you are a fan of the American version you will probably have to have lowered expectations to enjoy this.",
1,simply amazing,"Let me say that I have the first album, and love that, and this is just as good. It's got the same attitude and is still heavy. It may have a few more slower songs, but they're just as good in their own way. If you liked the first one, you should like this one, and if you're a fan of hard rock, then you should like this.",
1,good movie,I liked the movie I cant say it was better in HD but it was the first movie I saw on my ROKU player and was impressed.,
1,These Cats Rock,"There are groups that rock and then there are groups that really rock. Little Charlie and the Nightcats do the latter. This ablum is a must buy. Take it to a friend's party and plug it in his/her CD player and watch the place start to jump. This one is definitely a keeper and there is not one clunker in the whole playlist. There are three must play songs on the album. These are That's Big, Coastin' Hank and Go On If You're Goin' I recommend that you check out the rest of their albums if you want to hear more of their stuff.",
1,Of Mice and Men,This classic never gets old. I read it as a child and I still enjoy reading it to this day.,
0,Clay Aiken... where are you???,"Clay is a true talent... and I am sure he will grow / mature into a great singer. But this cd is full of pop fluff... there are no show stoppingnumbers to be found here... Clay is not a pop star... he should be in aWestend or Broadway show delivering show stopping number after number. And as one reviewer said... that even ""Solitaire"" wasn't included (which is one pop song that did show his true range and talent)... As for the American Idol creators... we're slowing seeing each of these winners fade into oblivion... and even Clay says it on his new cd that with this effort he is INVISIBLE!!!",
1,Mosbys medical dictionary,"Excellent dictionary has every term that you need, I use it everyday for school plus for my own at home, great explanations and pictures.",
1,Not for the impatient or inattentive,"I bought this book despite the few negative reviews I read about it and was glad that I read it!Sure, everyone's entitled to their own opinion, and previous reviews were right about it not being a book everyone will necessarily like, but if you have patience and a good memory, you will enjoy this book!Yes, it gets confusing because the same names get used throughout the whole book for different generations in the family, but it all ties in to the overall story, which, I thought, only made the story better. You don't see many books like this one, so it's definitely worth a try =).",
1,just what i was looking for,"i do not use these for warming the food. i did try that once and it was just a pain. i purchased the bowls because they are divided and stick to the high chair. so they are great for that, but i would not recommend getting it if you are just looking for a warming dish.",
0,agree,"Agree with NY red, skip it. Half the book is personal ""Deep Thoughts"" and the other half stuff about red hair you could already read on the web for free.",
1,GREAT!!! A MUST HAVE,"GREAT STORY... LOVE IT, WHAT A GREAT MAN HE WAS!!! THIS IS A NICE MOVIE OF ONE OF OUR SAINTS!!!!",
1,expensive but well worth it.,These card holders are durable and large as well as ruggedly built. The design allows the card holder to be held or sat on a table during play.They cost more than smaller designs but for my money they are well worth it.,
1,Better than the show!,"I'm a big fan of Rugrats the TV show, and I knew this book would be much better then any of the episodes. I was right! It's extremely funny, and it's full of adventure. The only bad thing about this book is that some parts are really confusing, but you can easily get back on track.",
1,From a fan since day 1,"This is probably the most original recording I have heard in the past year since their self-titled debut, which might I add should not be forgotten because in it is System of a Down's original hard rock sound. blah blah blah, don't want to bore you guys, this CD is for those of you who are tired of buying those rock cds that all sound alike, this one is a lot more than can be summarized in the genre of rock. blah blah blah go buy it, or pirate it, whatever your thing is. and get their first cd afterwards",
0,Wasted money,"The subject is trivial and boring. The writing skill mediocre.I was stuck in Sri Lanka and downloaded it by mistake when learning how to use my new kindle. Decided to take a look.Sorry, perhaps just not my type of book. It is no literature.",
1,Love these diapers!,"We have tried different diapers, but Pampers seem to be the best. They are soft, keep our baby dry and happy, and the velcro tabs are the best! I highly recommend them.",
1,A good product,"I got the XL size and found it was a little tighter than I thought it would be. I would get an XXL next time around, but otherwise it's a great product.",
0,a real pain,I bought this item 2 months ago because it was small and cheap. I use it daily. The grinding mechanism is already tired. Now it takes a lot of patience to actually get the desired amount of pepper/salt and it's getting on my nerves. So I'm browsing amazon for a real and efficient mill set.To be fair there is one thing I like in this product: the magnets that let you stick them to the cooker hood.,
1,This is one good book,"I've heard from alot of people how boring this book was. For me it was ok. I love the plot but the whole setting in the 1600s was what I didn't like, and one chapter was all dedicated to some political guy, I didn't like that either. So some parts are really boring other are ok and other are REALLY good, for example the last part, I love that part. I love that sorta thing.",
1,It's okay.,"It's okay. It's the convenience of having the diapers delivered to home, and at a reasonable price. The diapers are okay, though a tad smaller than other equivalent size 3 diapers. Otherwise, am happy with the diapers.",
0,Would Not Recommend,Bought this for my wife to replace an old cup warmer she had that died. She was totally disappointed with the product. It was not effective at keeping coffee in her mug warm.,
0,Not User Friendly. NOTHING that says it's BPA-free,"Nearly impossible to disassemble for cleaning.Hole for water is tiny.Bottom gets very hot to handle, food takes awhile to warm up, then remains warm for only about 20 minutes.MOST importantly, IS THIS DISH BPA-FREE OR NOT? I've seen it listed on BPA-free lists on the web, BUT, there is nothing on the package or product description that deems it so.",
1,An Outstanding Read,"An outstanding read about how MacArthur conducted his staff, and how he conducted the entire war. It is interesting because it included first-hand accounts and how the dealings were conducted during this time. MacArthur's communications with the various world leaders offers insights into the how the interactions were conducted, as well as background as to who was invloved and why they occurred. For anyone interested in MacArthur, it is an outstanding book.",
1,dolly can do no wrong,"This cd blew my mind the second i listened to it! Dolly knows country like no other and this hould be a lesson to all those tired pop-country acts cramming the airwaves: this is how to do country, bluegrass and any kind of roots music for that matter. her rendition of ""Silver Dagger"" gives me chills. she is just the queen of country.",
1,Could Really Happen,"A lot of people have compared this to Hostel, but this is a much better movie than Hostel. First of all, this movie has more of a plausible plot. Young people on vacation in Brazil are lured away from their hotel to become unwilling organ donors. Josh Dumal, Fergie's hubby and former Vegas star, is one of the actors. I think organ stealing is possible and maybe even probable when certain groups of people (can you say drug cartels?) have unlimited money. I have definitely seen some weird situations in Brazil and in other places in South America. Thank God that none of the things I have seen compare to this movie. Very scary. The acting is good, the tension and thriller elements are good and even the scenery is good. It is very gory though, so if you cannot stand the blood, get out of the jungle operating room.",
0,couldn't give it more stars,I haven't been able to get into it ...read only a bit and it hasn't held my attention...maybe I'll try again sometime... I know it is supposed to be like a classic so try it ....,
0,Bad customer service and Cheap Printers,"We have had our printer for a little for over a year (also a bit over warranty, of course). We have had a paper feeding issue, so I spent two hours on a phone with someone from India trying to correct the problem. They eventually sent me a new one. Recently, we have had a problem with a big black line through our scanned images. Called again and since it was over a year, they would not help us. AAAH..I will not buy again.",
0,"beginners only, maybe","Beginners who would like a quick view into some dance might take advantage of this video. There is an attempt to cover a lot of ground, but none of it is done well. Altea is too angular, stilted and her dancing is not that interesting. I would strongly recommend looking elsewhere for quality dance instruction videos. I will say that this is the first video that I've seen that touches on rhythm and zill work. The variety in costume is interesting, but is not worth the price. I recently acquired several of the Neena and Veena series of dance tapes. These are excellent beginner tapes, they are fun and interesting and they show a great little dance at the end as a reward for your work-out. This series would be a better choice for beginners.",
0,Only lasts 6 months,I bought this power adapter and it worked just fine at first. I took good care of it and after about six months it just stopped working.,
0,Disc #2 would not play on our blueray/DVD player!! dont know how to fix or exchange it.,"The Disc #2 would not play on our blueray/dvd player and I am very disappointed. Since it was shipped from Canada via Amazon, I do not know how to resolve the problem.",
0,May not appeal to toddler,"My 3-year old toddler loved playing ""snatch-the-toast"" from her toy toaster so I bought her the crocodile dentist. However, she is scared stiff of the clamping action and refused to play with it. She started removing the sticker-eyes and -nostrils instead. Toy is durable per se but stickers can be easily removed. I had to glue them back with superglue, which is better lasting. I came to a conclusion that she is still too young to play with the crocodile dentist and I intend to keep it for her later on.",
1,Invigorating adventure story,"Michener was drawn to stories of the Klondike gold rush whilst researching material for his voluminous Alaska, and thought this story, set dominantly in Canada, too good not to publish.It is a fictional story of a few gold seekers of the Klondike gold rush, and seeks to capture the romance, the exhilaration, the recklessness, and the overall madness of the time. It is an invigorating adventure story, however if I had just one quibble, the characters for me were a little one dimensional, and the story told in a less complex manner than it probably deserved.Nevertheless a thoroughly enjoyable expose of the spirit of adventure, capturing much that is part of the northern spirit of romantic escapism and self discovery.",
0,Beautiful bag but terrible material!,I absolutely loved the appearance of the bag. The colors are beautiful and the bag has a lot of compartments but it unfortunately has two huge problems:1. the main compartment opens on one side which makes it hard to open and close and calls for tugging at the zipper2. the material along the zipper to the main compartment tears too easilyI have had this diaper bag for no more than a month and the bag is already completely torn at the zipper. The great thing is that JJ Cole has great customer service. But I don't buy items to return them so this is an inconvenience.,
0,Please don't waste your money,"I bought this for my 3 year old and it is the dumbest game ever. It has really bad graphics, game play is mega slow, and the music is horrid. They should be ashamed of themselves. Please save your money and buy something else.",
1,Pampers on Amazon are great,I have found that you can't beat Amazons Pampers prices and the best thing is that they show up on my door step often in less than a week!!!!!!!! No tax and no shipping.I buy all of my diapers from Amazon. The only down side is that I haven't figured out if or how to use manufactures coupons on Amazon's site for even greater savings but the deals are as good as it gets.,
0,DO NOT BUY if your child has sensitive skin!,"If your child has sensitive skin DO NOT BUY THIS BRAND. Our child suffered for 3 months with total body rash - we thought it was due to food allergies, but it was actually due to the diaper. Pampers use TOO MUCH DYE on the images on the diapers. The dye is totally unnecessary. DON'T WASTE YOUR MONEY, even more so, DON""T SUBJECT YOUR BABY TO unnecessary CHEMICALS and ALLERGENS.TERRIBLE PRODUCT!!!!!",
0,Constantine: Great effects but no power,"The special effects were great; however, the plot was slow moving. I was bored with the story line. John Constantine running around using crosses and other religious items was not believable because he didn't believe in God. He cherishes and has faith in created religious objects but has no faith in God. This is equivalent to making a movie about Spiderman but not having him get bitten by the spider, or making about about Luke Skywalker without him using the force. Constantine's holy incantations seemed like a bunch of voodoo mumbo jumbo. Anyone who knows anything about the bible should know that if you are going to make a fictional work off of it, at least get the core principles down. What was good about the movie is the fact that it showed that you don't have to work your way into heaven. It showed that although you may have a lot of faults, God will accept you where you are in life. All you have to do is accept Him.",
0,Zzzzzzzzzz.....,"TESS is one of the more boring works of literature. Yes, Hardy was rather a revolutionary for the period as far as his choice of heroine and the subjects with which he dealt, but that doesn't necessarily add up to a good book. The story itself isn't bad -- if you're willing to wade through all the unnecessary muck to piece it together. However, I have trouble stomaching the fact that Tess is lauded as a brave and virtuous heroine when she is actually completely spineless and at times rather annoying. I won't spoil the story by giving examples, since you may very well be intending to read it anyway, or being forced to read it for a class. If the latter is so...good luck.",
1,Humor for the winter for golf lovers,"Son who is slowed by snow, is enjoying laughter over the pictures. Great for anyone who loves golf or loves someone who does.",
0,PLEASE DO NOT PURCHASE,WASTE OF MONEY. FIRST TIME BUYING SUCH AND IT NEVER WORKED. MOTOR NEVER TURNED WHEN BATTERY WAS PUT IN. SUCH BLATANT ROBBERY!,
1,Superb…,The author is an amazingly talented man.. The book is deep and superb… I highly recommended for those that are interested in Gegg's research… He is superb..,
0,more than bad,this is for sure the badest and most boring film i have ever seen (i swear).8 women in one room for more than 5 minutes is by far too much.and everybody has to sing a chanson.this is horrible !,
1,Fun Way to Pass an Afternoon,"I thought this movie was super cute. Some of the plot points were a little fuzzy, but as far as romantic comedies go, it was fun. Gabrielle Anwar is great, and Sean Astin was pretty fun. I didn't realize that one of the guys is Smith from Sex and the City, so that made it even better! ;)",
1,Pretty good,"I'm a coming-of-age genre fan, so Gossip Girl is right up my alley. The season started a little slowly, but it picked up pace toward the end. Mostly it was the same-old, same-old, just with grown-up clothing and with more serious consequences for actions. Still, I recommend it to anyone who has followed the series, because the last half of the season left several dangling threads for season 4. And from the promo, season 4 should pick up right where 3 left off, which I think will be better than the gap between 2 and 3.",
0,From crazy mom to Stepford wife....which is worse,"Well I can't say that this was the best book I read. It was definately a fine book. Fine being Ok not good but not horrible. It was an easy read with nothing to miss seeing as Gibbons pushes everything down your throat. Not much thinking needed for this one. I would have liked to see more of what a child sees in a mother. Not what a commercial says one should be. If the book had gone into more depth and actualy painted the characters with lives outside of Hattie's I might have found it more interesting. For a mediocre read about woman who goes from insane woman with passions to a Stepford Wife whom Jesse Helms himself would be proud of, pick this book up. If it doesn't sound good your money is better put to laundry or a good CD.",
0,very dissapoined,"item shuts off before cooking correctly, 10 mins in bun warmer turns buns crunchy, item has been re-released so maybe that one is better.",
0,extremely dull,"I will admit, I had to read this for class, but I couldn't have been more bored. It just follows our little monk to be in his going crazy.But lets face it, if you are even looking at this book here, you are either really interested in this type of novel, or have to read it for school/business/other required reading",
0,almost made me want to seek relief.,"I wish I would have rented it before i bought it! Now I am out 20 dollars for a crapy movie. man it Sucked! It was slow, no plot, BORING! The most boring movie this year! It made me feel like I had ADD and didn't want to pay attention anymore, it was so bad, don't waist your money on this one! it makes no sense at all! the best part was the sceanery in the woods! I'd won't be surprised if people kill themselfs after watching this crap!",
0,Average romance,"Ms. Eschenburg takes the arranged-marriage plot device but doesn't really give it anything new. The ""hero"" really isn't that likable, and spends half the novel apart from the heroine. They end up together, but the reader is left wondering ""why?"" The author attempts to fill up the lack of real romance by setting the story against the American Civil War, but makes some mistakes with that as well, and child sexual abuse just flat does not belong in a romance novel AT ALL. That chapter nearly made me lose my lunch and it really didn't add anything to the plot. Not the worst ""romance"" I've ever read by any means, but definitely not worth the cover price. Buy used.",
0,Love It or Hate It,"I try to remain neutral about this topic, because of the way that SNL has changed over the years. What was once a dynamo on Saturday night and what changed it to a mediocre program, to one that is still trying to find itself, given the politics of the Hollywood games and players. This is essentially an oral history of the groundbreaking show from the early days to the present. Nearly 600 pages of interviews from the writers and comedians who made the show what it is, and the book includes gossip as well as tributes to deceased cast members likeBelushi, Farley and Hartman. A lot of crude language and anecdotes. I don't know what they're there. Maybe someone thought it was funny, but it detracts from the overall book.",
0,DO NOT PURCHASE!!!,"The kit I received is not the one in the picture, it says it should fit a 99 civic, but does not even come close. The instructions are EXTREMELY vague and do not provide any clarity at all as to what brackets to remove or use. IT DOESN'T EVEN FIT!!! I attempted to contact customer service and i got what sounded like a crappy home answering machine. Now I have a disassembled car with no radio and no way to mount it. I WILL NEVER PURCHASE ANYTHING FROM THIS COMPANY AGAIN! Do yourself a favor and find another mounting kit if you have a 99 civic, this is not a mounting kit for a 99 civic. Such a scam.",
0,Definitely NOT worth the money!!!!!,"My son is 6 and loves the Teen Titans. This item was on his Christmas list as one of his ""big"" things. As I was putting it together ""for Santa"", I was very disappointed at how poorly it was made. The sections wouldn't stay together at all. The little rockets/missles barely shoot out of the thing. In the back, there is a trigger thing that is supposed to launch the little car. Well, it barely touches the car at all. Not only that, the instructions were bogus and not very clear. For the money, you'd think it had lights and noises etc... Nada. My son was really disappointed. So, if you're child is wanting this try to discourage it. My son still plays with it but it's really not worth it at all.",
1,"Great Update of, and Supplement to, Strunk & White","Similar in style and tone (and usefulness) to Strunk & White's classic ""Elements of Style"". Short, pithy, intelligent. Lots of examples, followed by Professor Lasch's thoughtful, penetrating, often witty comments. Recommended for all undergrads.",
0,extremely poor product / non-existent customer service,"this DeLonghi DFH550R heater is an extremely poor product and the customer service is non-existent,doesn't have a physical address or phone number and never gives their names...buyer beware...read their absolutely ridiculous return policy before buying...if you open any package they won't take it back...if you write a truthful negative feedback, they'll be after you like "" ticks on a hound "" !!!",
1,Mosby's Medical Dictionary,This dictionary is a great resource. It is full of wonderful color pictures and are very interesting. This book has helped me in many of my classes this semester.,
0,uhhh yuk!,"I love techno and have listened to it since it's onset in 1989 or 1990. This CD, however, has not aged well. In 1992 when this was released I tolerated it because there weren't many techno artists or CDs out there. Now I see that this CD is simply tiresome, crass garbage. Samples of Annie Lennox and Kate Bush are overused and abused and the only reason this drivel was played on the radio or in any club. I think this CD has been stuck under the backseat of my Volvo 244 since 1993. And it probably has gunk on it.",
0,Did I get a Dud or are these other reviews fake?,"I bought this because of all the great reviews and I should have been putting chapstick on my wart for all the results it got me. I put this stuff on and would change the bandaid each day, after few days nothing. When I have used wart products in the past a few day in the skin is always white and eventually starts to gewp off. So either I got a dud too or those other reviews are fakes. This stuff did absolutely nothing.",
0,I never got what Picasso's paintings meant either.,"What is french for dribble???The editing of this film must have been done by either a blind man or a chimpanzee suffering from attention deficite disorder. The difference between ""art"" and a movie, art is for the critics to give arwards to and movies are for ""common people"" like me to enjoy.....",
1,Really makes a difference,Limbsavers reduce the kick of large calibre mil surp rifles. The slip-ons eliminate the need for stock butt modifications if you can put up with an additional inch of pull. Highly recommended.,
0,Not DVD Quality,"I'm getting very angry at some of these companies that are releasing very poor Quality DVDs.""I'd Give My Life"" could have been very enjoyable if they spent a little time fixing it up. In some areas the movie goes dark and light and dark and light. It gets very annoying. There's crackle and popping sounds through out the movie.",
0,Didint understand much,"I'm not sure what the plot was for this movie, I really don't know what i got the movie either maybe i wasn't in the right frame of mind or maybe it was cause of the sex scenes? i don't know but wasn't all that great.",
