"","variable","relative_importance","scaled_importance","percentage"
"1","Richnss",77.2521896362305,1,0.344147376616279
"2","CHELSA_Annual_Mean_Temperature",46.9008941650391,0.607114107520948,0.208936727410068
"3","ForestAge",29.5594387054443,0.382635610001937,0.131683041382136
"4","SoilMoisture",26.8314437866211,0.347322760855926,0.11953021698769
"5","Human_Disturbance",18.6195964813232,0.241023543397284,0.0829476201629353
"6","Lai",15.9591751098633,0.206585407934879,0.0710958261879923
"7","cnRatio",8.95149898529053,0.115873725100115,0.0398776385119605
"8","Fire_Frequency",0.399912536144257,0.00517671457634259,0.00178155274093955
