"","variable","relative_importance","scaled_importance","percentage"
"1","CHELSA_Annual_Mean_Temperature",1767.58947753906,1,0.483655113009013
"2","SoilMoisture",618.117919921875,0.349695405961826,0.1691319710892
"3","cnRatio",451.986846923828,0.255708043449721,0.123674502651988
"4","ForestAge",266.573425292969,0.150811842161511,0.072940918563723
"5","Lai",220.442474365234,0.124713615444321,0.0603183777714855
"6","Human_Disturbance",207.386169433594,0.117327112470894,0.0567458578411312
"7","DimtrMn",70.8734436035156,0.0400960995209078,0.0193926835450053
"8","Richnss",47.4243011474609,0.026829929545342,0.0129764326062762
"9","Fire_Frequency",4.25453329086304,0.00240696912089929,0.00116414292217775
