"","variable","relative_importance","scaled_importance","percentage"
"1","CHELSA_Annual_Mean_Temperature",1710.93798828125,1,0.473021406565058
"2","SoilMoisture",654.366577148438,0.382460721329703,0.180912108359263
"3","cnRatio",449.268188476562,0.262585898234618,0.124208750927088
"4","ForestAge",271.311553955078,0.158574744270906,0.0750092485807184
"5","Lai",204.003967285156,0.119235161462568,0.0564007837870357
"6","Human_Disturbance",190.776763916016,0.11150419548967,0.052743871388429
"7","DimtrMn",74.9673309326172,0.0438165096842153,0.020726147041599
"8","Richnss",56.7640228271484,0.0331771362936255,0.0156934956754114
"9","Fire_Frequency",4.64495992660522,0.00271486164806674,0.00128418767539806
