"","variable","relative_importance","scaled_importance","percentage"
"1","Richnss",79.4474792480469,1,0.353953811112314
"2","CHELSA_Annual_Mean_Temperature",44.6198921203613,0.561627537370335,0.198790207277854
"3","SoilMoisture",27.929723739624,0.351549526856897,0.12443229482573
"4","ForestAge",27.2708702087402,0.343256582422162,0.121496975537713
"5","Human_Disturbance",19.6995964050293,0.247957475699439,0.0877654935176056
"6","Lai",16.005500793457,0.201460146312326,0.0713075865744923
"7","cnRatio",9.22578144073486,0.116124281450524,0.041102631982092
"8","Fire_Frequency",0.258350044488907,0.00325183438082786,0.00115099917220007
