"","variable","relative_importance","scaled_importance","percentage"
"1","Richnss",77.5670776367188,1,0.347006010494065
"2","CHELSA_Annual_Mean_Temperature",44.4296951293945,0.572790628228623,0.198761790750004
"3","ForestAge",30.2152328491211,0.389536821157973,0.135171618250568
"4","SoilMoisture",26.1191520690918,0.33672987129178,0.116847289251141
"5","Human_Disturbance",19.7542114257812,0.254672626939731,0.0883729322563996
"6","Lai",15.5380201339722,0.200317204249252,0.0695112738798577
"7","cnRatio",9.78111553192139,0.126098801578303,0.0437570420637695
"8","Fire_Frequency",0.127870142459869,0.00164851050672222,0.000572043054195229
