"","variable","relative_importance","scaled_importance","percentage"
"1","CHELSA_Annual_Mean_Temperature",2596.16259765625,1,0.335379008477908
"2","SoilMoisture",1927.11657714844,0.742294253406235,0.248949910706232
"3","Lai",812.984985351562,0.313148716527041,0.105023506054968
"4","Human_Disturbance",659.223510742188,0.253922274104603,0.0851602005196571
"5","DimtrMn",549.502502441406,0.211659509669188,0.0709861564877723
"6","ForestAge",513.774597167969,0.197897696250532,0.0663707331485656
"7","cnRatio",363.509887695312,0.140018151414507,0.0469591487903069
"8","Richnss",306.838500976562,0.118189246410671,0.039638192273962
"9","Fire_Frequency",11.8680353164673,0.00457137597128217,0.00153314354062835
