"","variable","relative_importance","scaled_importance","percentage"
"1","CHELSA_Annual_Mean_Temperature",1726.31921386719,1,0.477875238410124
"2","SoilMoisture",664.091186523438,0.384686204723276,0.183832011795221
"3","cnRatio",411.269104003906,0.238234679137127,0.113846454090214
"4","ForestAge",249.610504150391,0.144591163757733,0.0690965368527237
"5","Lai",219.445434570312,0.127117530064863,0.0607463199858524
"6","Human_Disturbance",215.660049438477,0.124924780832028,0.0596984594234377
"7","DimtrMn",74.3353805541992,0.0430600435638308,0.020577328584016
"8","Richnss",46.4902572631836,0.0269302785311873,0.0128693132735422
"9","Fire_Frequency",5.26822900772095,0.00305171196925938,0.00145833758486886
